datetime,portfolio_value,cash,return
2020-01-02 09:30:00-05:00,100000.0,100000.0,
2020-01-03 09:30:00-05:00,99976.19995117188,96764.59991455078,-0.00023800048828126474
2020-01-04 09:30:00-05:00,99976.19995117188,96764.59991455078,0.0
2020-01-06 09:30:00-05:00,99969.49981689453,96764.59991455078,-6.70172929219115e-05
2020-01-07 09:30:00-05:00,99994.7998046875,96764.59991455078,0.0002530770668984772
2020-01-08 09:30:00-05:00,99993.99993896484,96764.59991455078,-7.999073194042694e-06
2020-01-09 09:30:00-05:00,100026.19995117188,96764.59991455078,0.00032201944343346334
2020-01-10 09:30:00-05:00,100037.5,96764.59991455078,0.00011297088996320426
2020-01-11 09:30:00-05:00,100037.5,96764.59991455078,0.0
2020-01-13 09:30:00-05:00,100028.50006103516,96764.59991455078,-8.99656525287229e-05
2020-01-14 09:30:00-05:00,100039.29992675781,96764.59991455078,0.00010796788631295406
2020-01-15 09:30:00-05:00,100038.09997558594,96764.59991455078,-1.1994797772030275e-05
2020-01-16 09:30:00-05:00,100061.6000366211,96764.59991455078,0.00023491110927631453
2020-01-17 09:30:00-05:00,100081.6000366211,96764.59991455078,0.00019987687577138757
2020-01-18 09:30:00-05:00,100081.6000366211,96764.59991455078,0.0
2020-01-21 09:30:00-05:00,100073.59985351562,96764.59991455078,-7.993660275751324e-05
2020-01-22 09:30:00-05:00,100086.99981689453,96764.59991455078,0.00013390108278832358
2020-01-23 09:30:00-05:00,100070.8999633789,96764.59991455078,-0.00016085858847880719
2020-01-24 09:30:00-05:00,100088.99993896484,96764.59991455078,0.0001808715180193765
2020-01-25 09:30:00-05:00,100088.99993896484,96764.59991455078,0.0
2020-01-27 09:30:00-05:00,99994.89990234375,96764.59991455078,-0.0009401636211618936
2020-01-28 09:30:00-05:00,100015.19989013672,96764.59991455078,0.0002030102316497029
2020-01-29 09:30:00-05:00,100048.3999633789,96764.59991455078,0.00033195027634458363
2020-01-30 09:30:00-05:00,100008.1997680664,96764.59991455078,-0.0004018074784525316
2020-01-31 09:30:00-05:00,100034.59991455078,96764.59991455078,0.00026397981911086
2020-02-01 09:30:00-05:00,100034.59991455078,96764.59991455078,0.0
2020-02-03 09:30:00-05:00,99998.09997558594,96764.59991455078,-0.00036487314385247327
2020-02-04 09:30:00-05:00,100045.29998779297,96764.59991455078,0.0004720090903582719
2020-02-05 09:30:00-05:00,100087.2998046875,96764.59991455078,0.0004198079959742973
2020-02-06 09:30:00-05:00,100103.69995117188,96764.59991455078,0.0001638584167660273
2020-02-07 09:30:00-05:00,100092.79998779297,96764.59991455078,-0.00010888671831532637
2020-02-08 09:30:00-05:00,100092.79998779297,96764.59991455078,0.0
2020-02-10 09:30:00-05:00,100076.90002441406,96764.59991455078,-0.00015885221894929025
2020-02-11 09:30:00-05:00,100126.19995117188,96764.59991455078,0.0004926204423376657
2020-02-12 09:30:00-05:00,100132.89978027344,96764.59991455078,6.691384577495185e-05
2020-02-13 09:30:00-05:00,100123.1997680664,96764.59991455078,-9.687138021885477e-05
2020-02-14 09:30:00-05:00,100139.70001220703,96764.59991455078,0.00016479940891667155
2020-02-15 09:30:00-05:00,100139.70001220703,96764.59991455078,0.0
2020-02-18 09:30:00-05:00,100129.70001220703,96764.59991455078,-9.986049487642479e-05
2020-02-19 09:30:00-05:00,100142.5,96764.59991455078,0.00012783407711602912
2020-02-20 09:30:00-05:00,100141.99981689453,96764.59991455078,-4.994713587835875e-06
2020-02-21 09:30:00-05:00,100119.29992675781,96764.59991455078,-0.00022667702041323512
2020-02-22 09:30:00-05:00,100119.29992675781,96764.59991455078,0.0
2020-02-24 09:30:00-05:00,99996.00006103516,96764.59991455078,-0.001231529443502466
2020-02-25 09:30:00-05:00,100003.99993896484,96764.59991455078,8.000197932722664e-05
2020-02-26 09:30:00-05:00,99906.3998413086,96764.59991455078,-0.0009759619386806584
2020-02-27 09:30:00-05:00,99819.19982910156,96764.59991455078,-0.0008728170802425606
2020-02-28 09:30:00-05:00,99651.6000366211,96764.59991455078,-0.0016790336204599576
2020-02-29 09:30:00-05:00,99651.6000366211,96764.59991455078,0.0
2020-03-02 09:30:00-05:00,99746.69982910156,96764.59991455078,0.0009543227850383751
2020-03-03 09:30:00-05:00,99859.59991455078,96764.59991455078,0.0011318678777609836
2020-03-04 09:30:00-05:00,99825.79986572266,96764.59991455078,-0.00033847570846512465
2020-03-05 09:30:00-05:00,99814.40002441406,96764.59991455078,-0.00011419734501427747
2020-03-06 09:30:00-05:00,99696.09985351562,96764.59991455078,-0.0011852014425723922
2020-03-07 09:30:00-05:00,99696.09985351562,96764.59991455078,0.0
2020-03-09 09:30:00-04:00,99611.00006103516,96764.59991455078,-0.000853591992119096
2020-03-10 09:30:00-04:00,99571.6000366211,96764.59991455078,-0.0003955388901820678
2020-03-11 09:30:00-04:00,99324.59991455078,96764.59991455078,-0.0024806282311369277
2020-03-12 09:30:00-04:00,99395.49987792969,96764.59991455078,0.000713820779946861
2020-03-13 09:30:00-04:00,99395.49987792969,96764.59991455078,0.0
2020-03-14 09:30:00-04:00,99395.49987792969,96764.59991455078,0.0
2020-03-16 09:30:00-04:00,99214.99984741211,96764.59991455078,-0.0018159778937603122
2020-03-17 09:30:00-04:00,99127.09991455078,96764.59991455078,-0.0008859540694100554
2020-03-18 09:30:00-04:00,99157.09991455078,96764.59991455078,0.00030264176018324207
2020-03-19 09:30:00-04:00,99189.89990234375,96764.59991455078,0.0003307880910317085
2020-03-20 09:30:00-04:00,99189.89990234375,96764.59991455078,0.0
2020-03-21 09:30:00-04:00,99189.89990234375,96764.59991455078,0.0
2020-03-23 09:30:00-04:00,99108.79989624023,96764.59991455078,-0.0008176236308672369
2020-03-24 09:30:00-04:00,99213.29986572266,96764.59991455078,0.0010543964773241932
2020-03-25 09:30:00-04:00,99259.79995727539,96764.59991455078,0.000468688085323965
2020-03-26 09:30:00-04:00,99297.29995727539,96764.59991455078,0.00037779644948043867
2020-03-27 09:30:00-04:00,99297.29995727539,96764.59991455078,0.0
2020-03-28 09:30:00-04:00,99297.29995727539,96764.59991455078,0.0
2020-03-30 09:30:00-04:00,99370.19989013672,96764.59991455078,0.000734158259013018
2020-03-31 09:30:00-04:00,99244.39987182617,96764.59991455078,-0.0012659732842404958
2020-04-01 09:30:00-04:00,99216.49993896484,96764.59991455078,-0.00028112349812547954
2020-04-02 09:30:00-04:00,99272.19985961914,96764.59991455078,0.0005613977583220908
2020-04-03 09:30:00-04:00,99272.19985961914,96764.59991455078,0.0
2020-04-04 09:30:00-04:00,99272.19985961914,96764.59991455078,0.0
2020-04-06 09:30:00-04:00,99506.69982910156,96764.59991455078,0.002362191729547991
2020-04-07 09:30:00-04:00,99444.19982910156,96764.59991455078,-0.0006280984105325738
2020-04-08 09:30:00-04:00,99540.39978027344,96764.59991455078,0.0009673761902373457
2020-04-09 09:30:00-04:00,99540.39978027344,96764.59991455078,0.0
2020-04-10 09:30:00-04:00,99540.39978027344,96764.59991455078,0.0
2020-04-13 09:30:00-04:00,99574.40002441406,96764.59991455078,0.0003415723084865263
2020-04-14 09:30:00-04:00,99540.29998779297,96764.59991455078,-0.00034245786680842105
2020-04-15 09:30:00-04:00,99556.09985351562,96764.59991455078,0.00015872833138530495
2020-04-16 09:30:00-04:00,99618.3999633789,96764.59991455078,0.0006257789322297036
2020-04-17 09:30:00-04:00,99618.3999633789,96764.59991455078,0.0
2020-04-18 09:30:00-04:00,99618.3999633789,96764.59991455078,0.0
2020-04-20 09:30:00-04:00,99531.90002441406,96764.59991455078,-0.0008683128718854904
2020-04-21 09:30:00-04:00,99548.09997558594,96764.59991455078,0.00016276139778192977
2020-04-22 09:30:00-04:00,99569.49981689453,96764.59991455078,0.00021496986194446954
2020-04-23 09:30:00-04:00,99571.90002441406,96764.59991455078,2.4105850927602646e-05
2020-04-24 09:30:00-04:00,99571.90002441406,96764.59991455078,0.0
2020-04-25 09:30:00-04:00,99571.90002441406,96764.59991455078,0.0
2020-04-27 09:30:00-04:00,99674.7998046875,96764.59991455078,0.001033421881557084
2020-04-28 09:30:00-04:00,99679.89990234375,96764.59991455078,5.116737295929319e-05
2020-04-29 09:30:00-04:00,99681.69982910156,96764.59991455078,1.8057068271293275e-05
2020-04-30 09:30:00-04:00,99617.69989013672,96764.59991455078,-0.0006420430136581112
2020-05-01 09:30:00-04:00,99617.69989013672,96764.59991455078,0.0
2020-05-02 09:30:00-04:00,99617.69989013672,96764.59991455078,0.0
2020-05-04 09:30:00-04:00,99631.00006103516,96764.59991455078,0.00013351212598866624
2020-05-05 09:30:00-04:00,99645.0,96764.59991455078,0.00014051790061597735
2020-05-06 09:30:00-04:00,99642.09991455078,96764.59991455078,-2.9104174311012088e-05
2020-05-07 09:30:00-04:00,99675.49987792969,96764.59991455078,0.0003351993124145469
2020-05-08 09:30:00-04:00,99675.49987792969,96764.59991455078,0.0
2020-05-09 09:30:00-04:00,99675.49987792969,96764.59991455078,0.0
2020-05-11 09:30:00-04:00,99702.5,96764.59991455078,0.0002708802273716504
2020-05-12 09:30:00-04:00,99625.19989013672,96764.59991455078,-0.000775307638858469
2020-05-13 09:30:00-04:00,99554.1000366211,96764.59991455078,-0.0007136733837826981
2020-05-14 09:30:00-04:00,99588.29986572266,96764.59991455078,0.00034353009156817826
2020-05-15 09:30:00-04:00,99588.29986572266,96764.59991455078,0.0
2020-05-16 09:30:00-04:00,99588.29986572266,96764.59991455078,0.0
2020-05-18 09:30:00-04:00,99708.09997558594,96764.59991455078,0.0012029536604682978
2020-05-19 09:30:00-04:00,99722.79998779297,96764.59991455078,0.0001474304716531094
2020-05-20 09:30:00-04:00,99732.5,96764.59991455078,9.72697538397238e-05
2020-05-21 09:30:00-04:00,99710.29998779297,96764.59991455078,-0.00022259556520720647
2020-05-22 09:30:00-04:00,99710.29998779297,96764.59991455078,0.0
2020-05-23 09:30:00-04:00,99710.29998779297,96764.59991455078,0.0
2020-05-26 09:30:00-04:00,99785.79986572266,96764.59991455078,0.0007571923656726209
2020-05-27 09:30:00-04:00,99811.09985351562,96764.59991455078,0.00025354296730606407
2020-05-28 09:30:00-04:00,99789.19982910156,96764.59991455078,-0.00021941471886599562
2020-05-29 09:30:00-04:00,99789.19982910156,96764.59991455078,0.0
2020-05-30 09:30:00-04:00,99789.19982910156,96764.59991455078,0.0
2020-06-01 09:30:00-04:00,99830.09979248047,96764.59991455078,0.00040986362701533885
2020-06-02 09:30:00-04:00,99866.99981689453,96764.59991455078,0.0003696282432930076
2020-06-03 09:30:00-04:00,99875.6997680664,96764.59991455078,8.711537532746227e-05
2020-06-04 09:30:00-04:00,99936.90002441406,96764.59991455078,0.000612764230836671
2020-06-05 09:30:00-04:00,99936.90002441406,96764.59991455078,0.0
2020-06-06 09:30:00-04:00,99936.90002441406,96764.59991455078,0.0
2020-06-08 09:30:00-04:00,99967.59979248047,96764.59991455078,0.0003071915184371665
2020-06-09 09:30:00-04:00,99978.80004882812,96764.59991455078,0.00011203886430100063
2020-06-10 09:30:00-04:00,99879.19982910156,96764.59991455078,-0.0009962133940186746
2020-06-11 09:30:00-04:00,99846.99981689453,96764.59991455078,-0.00032238956922092665
2020-06-12 09:30:00-04:00,99846.99981689453,96764.59991455078,0.0
2020-06-13 09:30:00-04:00,99846.99981689453,96764.59991455078,0.0
2020-06-15 09:30:00-04:00,99919.40002441406,96764.59991455078,0.0007251114971136285
2020-06-16 09:30:00-04:00,99905.29998779297,96764.59991455078,-0.00014111410414441306
2020-06-17 09:30:00-04:00,99864.70001220703,96764.59991455078,-0.0004063846021271633
2020-06-18 09:30:00-04:00,99906.30004882812,96764.59991455078,0.0004165639772213403
2020-06-19 09:30:00-04:00,99906.30004882812,96764.59991455078,0.0
2020-06-20 09:30:00-04:00,99906.30004882812,96764.59991455078,0.0
2020-06-22 09:30:00-04:00,99899.49981689453,96764.59991455078,-6.806609723586377e-05
2020-06-23 09:30:00-04:00,99862.99987792969,96764.59991455078,-0.0003653665837340947
2020-06-24 09:30:00-04:00,99799.29992675781,96764.59991455078,-0.0006378733990540786
2020-06-25 09:30:00-04:00,99826.19995117188,96764.59991455078,0.0002695412135536035
2020-06-26 09:30:00-04:00,99826.19995117188,96764.59991455078,0.0
2020-06-27 09:30:00-04:00,99826.19995117188,96764.59991455078,0.0
2020-06-29 09:30:00-04:00,99804.49981689453,96764.59991455078,-0.00021737914783848122
2020-06-30 09:30:00-04:00,99860.29998779297,96764.59991455078,0.0005590947402251967
2020-07-01 09:30:00-04:00,99906.99981689453,96764.59991455078,0.000467651600358332
2020-07-02 09:30:00-04:00,99906.99981689453,96764.59991455078,0.0
2020-07-03 09:30:00-04:00,99906.99981689453,96764.59991455078,0.0
2020-07-06 09:30:00-04:00,99918.3999633789,96764.59991455078,0.00011410758510677077
2020-07-07 09:30:00-04:00,99910.6997680664,96764.59991455078,-7.706483806102504e-05
2020-07-08 09:30:00-04:00,99932.99987792969,96764.59991455078,0.00022320041712298178
2020-07-09 09:30:00-04:00,99907.69989013672,96764.59991455078,-0.000253169501804984
2020-07-10 09:30:00-04:00,99907.69989013672,96764.59991455078,0.0
2020-07-11 09:30:00-04:00,99907.69989013672,96764.59991455078,0.0
2020-07-13 09:30:00-04:00,99897.59979248047,96764.59991455078,-0.0001010942867002429
2020-07-14 09:30:00-04:00,99988.69995117188,96764.59991455078,0.0009119354106670308
2020-07-15 09:30:00-04:00,99962.5,96764.59991455078,-0.00026202912113737487
2020-07-16 09:30:00-04:00,99983.3999633789,96764.59991455078,0.00020907803805325642
2020-07-17 09:30:00-04:00,99983.3999633789,96764.59991455078,0.0
2020-07-18 09:30:00-04:00,99983.3999633789,96764.59991455078,0.0
2020-07-20 09:30:00-04:00,100029.1000366211,96764.59991455078,0.000457076607305984
2020-07-21 09:30:00-04:00,100010.79986572266,96764.59991455078,-0.00018294847091238076
2020-07-22 09:30:00-04:00,100029.29992675781,96764.59991455078,0.00018498063269167808
2020-07-23 09:30:00-04:00,99974.1000366211,96764.59991455078,-0.000551837213467854
2020-07-24 09:30:00-04:00,99974.1000366211,96764.59991455078,0.0
2020-07-25 09:30:00-04:00,99974.1000366211,96764.59991455078,0.0
2020-07-27 09:30:00-04:00,99988.8998413086,96764.59991455078,0.00014803638824534282
2020-07-28 09:30:00-04:00,99985.79986572266,96764.59991455078,-3.100319726345724e-05
2020-07-29 09:30:00-04:00,99983.59985351562,96764.59991455078,-2.200324656087549e-05
2020-07-30 09:30:00-04:00,100023.59985351562,96764.59991455078,0.0004000656113463119
2020-07-31 09:30:00-04:00,100023.59985351562,96764.59991455078,0.0
2020-08-01 09:30:00-04:00,100023.59985351562,96764.59991455078,0.0
2020-08-03 09:30:00-04:00,100043.1997680664,96764.59991455078,0.00019595290091034556
2020-08-04 09:30:00-04:00,100079.29992675781,96764.59991455078,0.0003608457024075751
2020-08-05 09:30:00-04:00,100079.40002441406,96764.59991455078,1.0001834178652302e-06
2020-08-06 09:30:00-04:00,100097.39990234375,96764.59991455078,0.00017985597360992145
2020-08-07 09:30:00-04:00,100097.39990234375,96764.59991455078,0.0
2020-08-08 09:30:00-04:00,100097.39990234375,96764.59991455078,0.0
2020-08-10 09:30:00-04:00,100133.09997558594,96764.59991455078,0.0003566533524048676
2020-08-11 09:30:00-04:00,100118.99993896484,96764.59991455078,-0.00014081294421652846
2020-08-12 09:30:00-04:00,100130.6997680664,96764.59991455078,0.00011685922860493747
2020-08-13 09:30:00-04:00,100128.69995117188,96764.59991455078,-1.9972065501971947e-05
2020-08-14 09:30:00-04:00,100128.69995117188,96764.59991455078,0.0
2020-08-15 09:30:00-04:00,100128.69995117188,96764.59991455078,0.0
2020-08-17 09:30:00-04:00,100147.99987792969,96764.59991455078,0.00019275119688177966
2020-08-18 09:30:00-04:00,100155.09979248047,96764.59991455078,7.089422214567875e-05
2020-08-19 09:30:00-04:00,100118.1997680664,96764.59991455078,-0.00036842881181808895
2020-08-20 09:30:00-04:00,100143.80004882812,96764.59991455078,0.00025570057013624137
2020-08-21 09:30:00-04:00,100143.80004882812,96764.59991455078,0.0
2020-08-22 09:30:00-04:00,100143.80004882812,96764.59991455078,0.0
2020-08-24 09:30:00-04:00,100199.89990234375,96764.59991455078,0.0005601929773813019
2020-08-25 09:30:00-04:00,100212.20001220703,96764.59991455078,0.00012275571008824038
2020-08-26 09:30:00-04:00,100249.70001220703,96764.59991455078,0.0003742059349602922
2020-08-27 09:30:00-04:00,100258.99993896484,96764.59991455078,9.276762680276995e-05
2020-08-28 09:30:00-04:00,100258.99993896484,96764.59991455078,0.0
2020-08-29 09:30:00-04:00,100258.99993896484,96764.59991455078,0.0
2020-08-31 09:30:00-04:00,100266.69982910156,96764.59991455078,7.679998944132294e-05
2020-09-01 09:30:00-04:00,100311.30004882812,96764.59991455078,0.0004448158740895103
2020-09-02 09:30:00-04:00,100323.29986572266,96764.59991455078,0.00011962577385293827
2020-09-03 09:30:00-04:00,100225.8999633789,96764.59991455078,-0.0009708602336059302
2020-09-04 09:30:00-04:00,100225.8999633789,96764.59991455078,0.0
2020-09-05 09:30:00-04:00,100225.8999633789,96764.59991455078,0.0
2020-09-08 09:30:00-04:00,100140.09979248047,96764.59991455078,-0.0008560678520201925
2020-09-09 09:30:00-04:00,100182.79998779297,96764.59991455078,0.0004264045612196732
2020-09-10 09:30:00-04:00,100122.79998779297,96764.59991455078,-0.0005989052013649632
2020-09-11 09:30:00-04:00,100122.79998779297,96764.59991455078,0.0
2020-09-12 09:30:00-04:00,100122.79998779297,96764.59991455078,0.0
2020-09-14 09:30:00-04:00,100175.79986572266,96764.59991455078,0.000529348739109814
2020-09-15 09:30:00-04:00,100179.70001220703,96764.59991455078,3.8933020645837146e-05
2020-09-16 09:30:00-04:00,100100.19989013672,96764.59991455078,-0.000793575166032845
2020-09-17 09:30:00-04:00,100118.29986572266,96764.59991455078,0.0001808185758449543
2020-09-18 09:30:00-04:00,100118.29986572266,96764.59991455078,0.0
2020-09-19 09:30:00-04:00,100118.29986572266,96764.59991455078,0.0
2020-09-21 09:30:00-04:00,100050.29998779297,96764.59991455078,-0.0006791952921781919
2020-09-22 09:30:00-04:00,100073.59985351562,96764.59991455078,0.00023288151785161304
2020-09-23 09:30:00-04:00,99976.79992675781,96764.59991455078,-0.0009672873455087716
2020-09-24 09:30:00-04:00,99990.39978027344,96764.59991455078,0.00013603009423768242
2020-09-25 09:30:00-04:00,99990.39978027344,96764.59991455078,0.0
2020-09-26 09:30:00-04:00,99990.39978027344,96764.59991455078,0.0
2020-09-28 09:30:00-04:00,100104.29992675781,96764.59991455078,0.0011391108219855894
2020-09-29 09:30:00-04:00,100095.49987792969,96764.59991455078,-8.790879946773966e-05
2020-09-30 09:30:00-04:00,100141.49993896484,96764.59991455078,0.0004595617294609333
2020-10-01 09:30:00-04:00,100081.6000366211,96764.59991455078,-0.0005981526378200375
2020-10-02 09:30:00-04:00,100081.6000366211,96764.59991455078,0.0
2020-10-03 09:30:00-04:00,100081.6000366211,96764.59991455078,0.0
2020-10-05 09:30:00-04:00,100163.69995117188,96764.59991455078,0.0008203297561264478
2020-10-06 09:30:00-04:00,100145.79986572266,96764.59991455078,-0.00017870830907751323
2020-10-07 09:30:00-04:00,100193.09997558594,96764.59991455078,0.0004723124676890844
2020-10-08 09:30:00-04:00,100220.19989013672,96764.59991455078,0.00027047685476722094
2020-10-09 09:30:00-04:00,100220.19989013672,96764.59991455078,0.0
2020-10-10 09:30:00-04:00,100220.19989013672,96764.59991455078,0.0
2020-10-12 09:30:00-04:00,100287.39990234375,96764.59991455078,0.0006705236297741557
2020-10-13 09:30:00-04:00,100272.09991455078,96764.59991455078,-0.00015256141656749822
2020-10-14 09:30:00-04:00,100201.69982910156,96764.59991455078,-0.000702090466931593
2020-10-15 09:30:00-04:00,100254.19982910156,96764.59991455078,0.000523943207445976
2020-10-16 09:30:00-04:00,100254.19982910156,96764.59991455078,0.0
2020-10-17 09:30:00-04:00,100254.19982910156,96764.59991455078,0.0
2020-10-19 09:30:00-04:00,100199.19982910156,96764.59991455078,-0.0005486054458940792
2020-10-20 09:30:00-04:00,100197.89978027344,96764.59991455078,-1.2974642814911341e-05
2020-10-21 09:30:00-04:00,100194.19982910156,96764.59991455078,-3.692643438624188e-05
2020-10-22 09:30:00-04:00,100223.8998413086,96764.59991455078,0.0002964244662633231
2020-10-23 09:30:00-04:00,100223.8998413086,96764.59991455078,0.0
2020-10-24 09:30:00-04:00,100223.8998413086,96764.59991455078,0.0
2020-10-26 09:30:00-04:00,100162.20001220703,96764.59991455078,-0.0006156199189939482
2020-10-27 09:30:00-04:00,100085.59997558594,96764.59991455078,-0.0007647599255183879
2020-10-28 09:30:00-04:00,100033.69995117188,96764.59991455078,-0.0005185563600230703
2020-10-29 09:30:00-04:00,100047.39990234375,96764.59991455078,0.00013695335850383294
2020-10-30 09:30:00-04:00,100047.39990234375,96764.59991455078,0.0
2020-10-31 09:30:00-04:00,100047.39990234375,96764.59991455078,0.0
2020-11-02 09:30:00-05:00,100066.6000366211,96764.59991455078,0.0001919103774419284
2020-11-03 09:30:00-05:00,100101.49993896484,96764.59991455078,0.00034876674465778024
2020-11-04 09:30:00-05:00,100173.1997680664,96764.59991455078,0.0007162712761075163
2020-11-05 09:30:00-05:00,100256.99981689453,96764.59991455078,0.0008365515828798742
2020-11-06 09:30:00-05:00,100263.8998413086,96764.59991455078,6.882336821023571e-05
2020-11-07 09:30:00-05:00,100263.8998413086,96764.59991455078,0.0
2020-11-09 09:30:00-05:00,100404.29992675781,96764.59991455078,0.0014003054506301904
2020-11-10 09:30:00-05:00,100299.49981689453,96764.59991455078,-0.001043781092440521
2020-11-11 09:30:00-05:00,100328.59985351562,96764.59991455078,0.00029013142312983575
2020-11-12 09:30:00-05:00,100320.39978027344,96764.59991455078,-8.173216066165168e-05
2020-11-13 09:30:00-05:00,100317.2998046875,96764.59991455078,-3.090074992451175e-05
2020-11-14 09:30:00-05:00,100317.2998046875,96764.59991455078,0.0
2020-11-16 09:30:00-05:00,100374.40002441406,96764.59991455078,0.0005691961390281719
2020-11-17 09:30:00-05:00,100364.29992675781,96764.59991455078,-0.00010062423938572707
2020-11-18 09:30:00-05:00,100373.69995117188,96764.59991455078,9.365904431080097e-05
2020-11-19 09:30:00-05:00,100320.59997558594,96764.59991455078,-0.0005290227979218853
2020-11-20 09:30:00-05:00,100339.59991455078,96764.59991455078,0.00018939219830693688
2020-11-21 09:30:00-05:00,100339.59991455078,96764.59991455078,0.0
2020-11-23 09:30:00-05:00,100337.39990234375,96764.59991455078,-2.1925662539112878e-05
2020-11-24 09:30:00-05:00,100366.69982910156,96764.59991455078,0.0002920140125848292
2020-11-25 09:30:00-05:00,100395.8999633789,96764.59991455078,0.0002909344865085206
2020-11-26 09:30:00-05:00,100395.8999633789,96764.59991455078,0.0
2020-11-27 09:30:00-05:00,100402.99987792969,96764.59991455078,7.071916834622272e-05
2020-11-28 09:30:00-05:00,100402.99987792969,96764.59991455078,0.0
2020-11-30 09:30:00-05:00,100392.89978027344,96764.59991455078,-0.00010059557651198592
2020-12-01 09:30:00-05:00,100420.29998779297,96764.59991455078,0.00027292973486670036
2020-12-02 09:30:00-05:00,100412.79998779297,96764.59991455078,-7.468609435457019e-05
2020-12-03 09:30:00-05:00,100431.3998413086,96764.59991455078,0.00018523388968216814
2020-12-04 09:30:00-05:00,100437.79998779297,96764.59991455078,6.372654861408478e-05
2020-12-05 09:30:00-05:00,100437.79998779297,96764.59991455078,0.0
2020-12-07 09:30:00-05:00,100454.7998046875,96764.59991455078,0.0001692571611147109
2020-12-08 09:30:00-05:00,100441.79992675781,96764.59991455078,-0.00012941022186063744
2020-12-09 09:30:00-05:00,100473.3999633789,96764.59991455078,0.00031461041761637887
2020-12-10 09:30:00-05:00,100418.29986572266,96764.59991455078,-0.0005484048283060927
2020-12-11 09:30:00-05:00,100413.59985351562,96764.59991455078,-4.680433958070829e-05
2020-12-12 09:30:00-05:00,100413.59985351562,96764.59991455078,0.0
2020-12-14 09:30:00-05:00,100451.00006103516,96764.59991455078,0.0003724615746680815
2020-12-15 09:30:00-05:00,100438.59985351562,96764.59991455078,-0.0001234453366516508
2020-12-16 09:30:00-05:00,100462.79998779297,96764.59991455078,0.00024094456028489475
2020-12-17 09:30:00-05:00,100483.99993896484,96764.59991455078,0.00021102289777363836
2020-12-18 09:30:00-05:00,100474.29992675781,96764.59991455078,-9.653290287925387e-05
2020-12-19 09:30:00-05:00,100474.29992675781,96764.59991455078,0.0
2020-12-21 09:30:00-05:00,100430.09992675782,96780.39991455078,-0.0004399134906361013
2020-12-22 09:30:00-05:00,100462.49982910157,96780.39991455078,0.00032261147173384686
2020-12-23 09:30:00-05:00,100463.19990234375,96780.39991455078,6.968503106996593e-06
2020-12-24 09:30:00-05:00,100461.19978027344,96780.39991455078,-1.9909002224260952e-05
2020-12-25 09:30:00-05:00,100461.19978027344,96780.39991455078,0.0
2020-12-28 09:30:00-05:00,100497.79981689453,96780.39991455078,0.00036432012260601
2020-12-29 09:30:00-05:00,100518.49989013672,96780.39991455078,0.00020597538732092247
2020-12-30 09:30:00-05:00,100503.79987792969,96780.39991455078,-0.0001462418581962277
2020-12-31 09:30:00-05:00,100498.19990234375,96780.39991455078,-5.571904338685929e-05
2021-01-01 09:30:00-05:00,100498.19990234375,96780.39991455078,0.0
2021-01-04 09:30:00-05:00,100533.49989013672,96780.39991455078,0.00035124995101676326
2021-01-05 09:30:00-05:00,100461.39997558594,96780.39991455078,-0.0007171730281902988
2021-01-06 09:30:00-05:00,100477.49982910157,96780.39991455078,0.00016025909970940333
2021-01-07 09:30:00-05:00,100541.39997558594,96780.39991455078,0.0006359647343241459
2021-01-08 09:30:00-05:00,100586.29987792969,96780.39991455078,0.00044658123275231887
2021-01-09 09:30:00-05:00,100586.29987792969,96780.39991455078,0.0
2021-01-11 09:30:00-05:00,100558.89997558594,96780.39991455078,-0.00027240193124711265
2021-01-12 09:30:00-05:00,100569.30006103516,96780.39991455078,0.00010342282435216177
2021-01-13 09:30:00-05:00,100567.29993896485,96780.39991455078,-1.988799831653676e-05
2021-01-14 09:30:00-05:00,100586.29987792969,96780.39991455078,0.00018892760346922444
2021-01-15 09:30:00-05:00,100547.59992675782,96780.39991455078,-0.0003847437595263514
2021-01-16 09:30:00-05:00,100547.59992675782,96780.39991455078,0.0
2021-01-19 09:30:00-05:00,100563.79987792969,96780.39991455078,0.00016111723386402765
2021-01-20 09:30:00-05:00,100591.49976806641,96780.39991455078,0.0002754459375078344
2021-01-21 09:30:00-05:00,100625.29981689453,96780.39991455078,0.0003360129723293248
2021-01-22 09:30:00-05:00,100602.89991455078,96780.39991455078,-0.00022260706188714785
2021-01-23 09:30:00-05:00,100602.89991455078,96780.39991455078,0.0
2021-01-25 09:30:00-05:00,100617.10004882813,96780.39991455078,0.00014115034744932586
2021-01-26 09:30:00-05:00,100634.49995117188,96780.39991455078,0.00017293186083988665
2021-01-27 09:30:00-05:00,100582.59992675782,96780.39991455078,-0.0005157279505462187
2021-01-28 09:30:00-05:00,100543.99976806641,96780.39991455078,-0.000383765767831723
2021-01-29 09:30:00-05:00,100536.69996337891,96780.39991455078,-7.260308625411938e-05
2021-01-30 09:30:00-05:00,100536.69996337891,96780.39991455078,0.0
2021-02-01 09:30:00-05:00,100517.59992675782,96780.39991455078,-0.00018998073965081907
2021-02-02 09:30:00-05:00,100576.89985351563,96780.39991455078,0.0005899457090203786
2021-02-03 09:30:00-05:00,100604.79993896485,96780.39991455078,0.0002774005312338179
2021-02-04 09:30:00-05:00,100609.99982910157,96780.39991455078,5.1686302640296944e-05
2021-02-05 09:30:00-05:00,100662.4000366211,96780.39991455078,0.0005208250433210715
2021-02-06 09:30:00-05:00,100662.4000366211,96780.39991455078,0.0
2021-02-08 09:30:00-05:00,100673.0998046875,96780.39991455078,0.00010629359187253051
2021-02-09 09:30:00-05:00,100676.49976806641,96780.39991455078,3.37723124201883e-05
2021-02-10 09:30:00-05:00,100701.59986572266,96780.39991455078,0.0002493143654584973
2021-02-11 09:30:00-05:00,100692.79981689453,96780.39991455078,-8.738737855062961e-05
2021-02-12 09:30:00-05:00,100678.89997558594,96780.39991455078,-0.00013804205796119629
2021-02-13 09:30:00-05:00,100678.89997558594,96780.39991455078,0.0
2021-02-16 09:30:00-05:00,100719.99982910157,96780.39991455078,0.0004082270815990441
2021-02-17 09:30:00-05:00,100684.60004882813,96780.39991455078,-0.0003514672392126439
2021-02-18 09:30:00-05:00,100676.29987792969,96780.39991455078,-8.243734289470339e-05
2021-02-19 09:30:00-05:00,100701.09998779297,96780.39991455078,0.0002463351344195175
2021-02-20 09:30:00-05:00,100701.09998779297,96780.39991455078,0.0
2021-02-22 09:30:00-05:00,100650.99989013672,96780.39991455078,-0.0004975129135861289
2021-02-23 09:30:00-05:00,100626.99995117188,96780.39991455078,-0.00023844709929399244
2021-02-24 09:30:00-05:00,100643.69978027344,96780.39991455078,0.00016595773609129338
2021-02-25 09:30:00-05:00,100684.49995117188,96780.39991455078,0.0004053922002820176
2021-02-26 09:30:00-05:00,100623.89997558594,96780.39991455078,-0.0006018798883177245
2021-02-27 09:30:00-05:00,100623.89997558594,96780.39991455078,0.0
2021-03-01 09:30:00-05:00,100636.29987792969,96780.39991455078,0.00012323019031024174
2021-03-02 09:30:00-05:00,100678.59998779297,96780.39991455078,0.0004203265612368057
2021-03-03 09:30:00-05:00,100638.3,96780.39991455078,-0.00040028355378263214
2021-03-04 09:30:00-05:00,100592.59992675782,96780.39991455078,-0.00045410219809149943
2021-03-05 09:30:00-05:00,100584.99982910157,96780.39991455078,-7.55532480697374e-05
2021-03-06 09:30:00-05:00,100584.99982910157,96780.39991455078,0.0
2021-03-08 09:30:00-05:00,100626.99995117188,96780.39991455078,0.00041755850416724805
2021-03-09 09:30:00-05:00,100638.89997558594,96780.39991455078,0.00011825876176208006
2021-03-10 09:30:00-05:00,100677.29993896485,96780.39991455078,0.0003815618353164574
2021-03-11 09:30:00-05:00,100702.70002441407,96780.39991455078,0.0002522920803857964
2021-03-12 09:30:00-05:00,100701.09998779297,96780.39991455078,-1.58887161982868e-05
2021-03-13 09:30:00-05:00,100701.09998779297,96780.39991455078,0.0
2021-03-15 09:30:00-04:00,100751.09998779297,96780.39991455078,0.0004965189060106567
2021-03-16 09:30:00-04:00,100725.69990234375,96780.39991455078,-0.00025210727676716616
2021-03-17 09:30:00-04:00,100725.20002441407,96780.39991455078,-4.962764519556018e-06
2021-03-18 09:30:00-04:00,100679.19996337891,96780.39991455078,-0.0004566887037603662
2021-03-19 09:30:00-04:00,100679.19996337891,96780.39991455078,0.0
2021-03-20 09:30:00-04:00,100679.19996337891,96780.39991455078,0.0
2021-03-22 09:30:00-04:00,100699.49995117188,96780.39991455078,0.00020163040429754808
2021-03-23 09:30:00-04:00,100690.39991455078,96780.39991455078,-9.036824041341873e-05
2021-03-24 09:30:00-04:00,100640.20002441407,96780.39991455078,-0.0004985568651958427
2021-03-25 09:30:00-04:00,100689.6998413086,96780.39991455078,0.0004918493492911402
2021-03-26 09:30:00-04:00,100689.6998413086,96780.39991455078,0.0
2021-03-27 09:30:00-04:00,100689.6998413086,96780.39991455078,0.0
2021-03-29 09:30:00-04:00,100724.60004882813,96780.39991455078,0.00034661149625558885
2021-03-30 09:30:00-04:00,100733.79987792969,96780.39991455078,9.133646693171293e-05
2021-03-31 09:30:00-04:00,100764.39985351563,96780.39991455078,0.0003037706869295498
2021-04-01 09:30:00-04:00,100764.39985351563,96780.39991455078,0.0
2021-04-02 09:30:00-04:00,100764.39985351563,96780.39991455078,0.0
2021-04-05 09:30:00-04:00,100838.00001220703,96780.39991455078,0.0007304182707226214
2021-04-06 09:30:00-04:00,100839.79993896485,96780.39991455078,1.7849687197202257e-05
2021-04-07 09:30:00-04:00,100859.6998413086,96780.39991455078,0.00019734174756202982
2021-04-08 09:30:00-04:00,100864.30006103516,96780.39991455078,4.5610087416436684e-05
2021-04-09 09:30:00-04:00,100864.30006103516,96780.39991455078,0.0
2021-04-10 09:30:00-04:00,100864.30006103516,96780.39991455078,0.0
2021-04-12 09:30:00-04:00,100895.69990234375,96780.39991455078,0.0003113077797554098
2021-04-13 09:30:00-04:00,100908.69978027344,96780.39991455078,0.000128844717290022
2021-04-14 09:30:00-04:00,100917.79981689453,96780.39991455078,9.018089263768125e-05
2021-04-15 09:30:00-04:00,100952.89991455078,96780.39991455078,0.0003478087881418901
2021-04-16 09:30:00-04:00,100952.89991455078,96780.39991455078,0.0
2021-04-17 09:30:00-04:00,100952.89991455078,96780.39991455078,0.0
2021-04-19 09:30:00-04:00,100919.49995117188,96780.39991455078,-0.0003308469930747293
2021-04-20 09:30:00-04:00,100895.50001220703,96780.39991455078,-0.00023781270196998605
2021-04-21 09:30:00-04:00,100939.30006103516,96780.39991455078,0.0004341130062572862
2021-04-22 09:30:00-04:00,100909.09986572266,96780.39991455078,-0.0002991916458132682
2021-04-23 09:30:00-04:00,100909.09986572266,96780.39991455078,0.0
2021-04-24 09:30:00-04:00,100909.09986572266,96780.39991455078,0.0
2021-04-26 09:30:00-04:00,100959.6998413086,96780.39991455078,0.0005014411549926212
2021-04-27 09:30:00-04:00,100958.49989013672,96780.39991455078,-1.1885447101733781e-05
2021-04-28 09:30:00-04:00,100983.59998779297,96780.39991455078,0.0002486179735590177
2021-04-29 09:30:00-04:00,100956.69996337891,96780.39991455078,-0.000266380129222088
2021-04-30 09:30:00-04:00,100956.69996337891,96780.39991455078,0.0
2021-05-01 09:30:00-04:00,100956.69996337891,96780.39991455078,0.0
2021-05-03 09:30:00-04:00,100941.09998779297,96780.39991455078,-0.00015452144921135336
2021-05-04 09:30:00-04:00,100954.19996337891,96780.39991455078,0.00012977841124706124
2021-05-05 09:30:00-04:00,100938.69978027344,96780.39991455078,-0.00015353678312635122
2021-05-06 09:30:00-04:00,100979.30006103516,96780.39991455078,0.000402227102688002
2021-05-07 09:30:00-04:00,100979.30006103516,96780.39991455078,0.0
2021-05-08 09:30:00-04:00,100979.30006103516,96780.39991455078,0.0
2021-05-10 09:30:00-04:00,100911.39997558594,96780.39991455078,-0.0006724158853168571
2021-05-11 09:30:00-04:00,100892.70002441407,96780.39991455078,-0.00018531059103732428
2021-05-12 09:30:00-04:00,100851.09998779297,96780.39991455078,-0.0004123195891380105
2021-05-13 09:30:00-04:00,100912.49982910157,96780.39991455078,0.0006088167736002514
2021-05-14 09:30:00-04:00,100912.49982910157,96780.39991455078,0.0
2021-05-15 09:30:00-04:00,100912.49982910157,96780.39991455078,0.0
2021-05-17 09:30:00-04:00,100938.39979248047,96780.39991455078,0.00025665763332360925
2021-05-18 09:30:00-04:00,100849.60004882813,96780.39991455078,-0.0008797419399843021
2021-05-19 09:30:00-04:00,100898.39979248047,96780.39991455078,0.00048388633795992675
2021-05-20 09:30:00-04:00,100949.09986572266,96780.39991455078,0.0005024863956857306
2021-05-21 09:30:00-04:00,100949.09986572266,96780.39991455078,0.0
2021-05-22 09:30:00-04:00,100949.09986572266,96780.39991455078,0.0
2021-05-24 09:30:00-04:00,100983.69978027344,96780.39991455078,0.00034274614233109624
2021-05-25 09:30:00-04:00,100969.09986572266,96780.39991455078,-0.0001445769424426313
2021-05-26 09:30:00-04:00,100982.10004882813,96780.39991455078,0.00012875407548218476
2021-05-27 09:30:00-04:00,100990.09992675782,96780.39991455078,7.922075225041958e-05
2021-05-28 09:30:00-04:00,100990.09992675782,96780.39991455078,0.0
2021-05-29 09:30:00-04:00,100990.09992675782,96780.39991455078,0.0
2021-06-01 09:30:00-04:00,100984.09986572266,96780.39991455078,-5.941236853423959e-05
2021-06-02 09:30:00-04:00,100958.89997558594,96780.39991455078,-0.00024954314758685037
2021-06-03 09:30:00-04:00,100987.89991455078,96780.39991455078,0.0002872449974380409
2021-06-04 09:30:00-04:00,100987.89991455078,96780.39991455078,0.0
2021-06-05 09:30:00-04:00,100987.89991455078,96780.39991455078,0.0
2021-06-07 09:30:00-04:00,101011.49976806641,96780.39991455078,0.0002336899127082237
2021-06-08 09:30:00-04:00,101012.1998413086,96780.39991455078,6.930629124379806e-06
2021-06-09 09:30:00-04:00,101009.99982910157,96780.39991455078,-2.1779668302301936e-05
2021-06-10 09:30:00-04:00,101022.4000366211,96780.39991455078,0.00012276217741313822
2021-06-11 09:30:00-04:00,101022.4000366211,96780.39991455078,0.0
2021-06-12 09:30:00-04:00,101022.4000366211,96780.39991455078,0.0
2021-06-14 09:30:00-04:00,101034.60004882813,96780.39991455078,0.00012076541640881899
2021-06-15 09:30:00-04:00,101026.69996337891,96780.39991455078,-7.819188125057774e-05
2021-06-16 09:30:00-04:00,100997.10004882813,96780.39991455078,-0.0002929910069467967
2021-06-17 09:30:00-04:00,100951.29987792969,96780.39991455078,-0.000453480059093736
2021-06-18 09:30:00-04:00,100951.29987792969,96780.39991455078,0.0
2021-06-19 09:30:00-04:00,100951.29987792969,96780.39991455078,0.0
2021-06-21 09:30:00-04:00,100988.89997558594,96780.39991455078,0.0003724577860979572
2021-06-22 09:30:00-04:00,101012.29993896485,96780.39991455078,0.00023170827075613687
2021-06-23 09:30:00-04:00,101029.30006103516,96780.39991455078,0.00016829754476033187
2021-06-24 09:30:00-04:00,101039.39985351563,96780.39991455078,9.996894439900927e-05
2021-06-25 09:30:00-04:00,101039.39985351563,96780.39991455078,0.0
2021-06-26 09:30:00-04:00,101039.39985351563,96780.39991455078,0.0
2021-06-28 09:30:00-04:00,101059.19996337891,96780.39991455078,0.0001959642465412248
2021-06-29 09:30:00-04:00,101052.49982910157,96780.39991455078,-6.629910270194994e-05
2021-06-30 09:30:00-04:00,101069.09986572266,96780.39991455078,0.00016427140990238343
2021-07-01 09:30:00-04:00,101097.10004882813,96780.39991455078,0.000277039996820605
2021-07-02 09:30:00-04:00,101097.10004882813,96780.39991455078,0.0
2021-07-03 09:30:00-04:00,101097.10004882813,96780.39991455078,0.0
2021-07-06 09:30:00-04:00,101116.99995117188,96780.39991455078,0.00019683949721738259
2021-07-07 09:30:00-04:00,101068.19990234375,96780.39991455078,-0.0004826097377462757
2021-07-08 09:30:00-04:00,101105.69990234375,96780.39991455078,0.00037103658753423474
2021-07-09 09:30:00-04:00,101105.69990234375,96780.39991455078,0.0
2021-07-10 09:30:00-04:00,101105.69990234375,96780.39991455078,0.0
2021-07-12 09:30:00-04:00,101142.79981689453,96780.39991455078,0.0003669418696137239
2021-07-13 09:30:00-04:00,101154.39985351563,96780.39991455078,0.00011468969261385631
2021-07-14 09:30:00-04:00,101128.49989013672,96780.39991455078,-0.00025604386380040367
2021-07-15 09:30:00-04:00,101140.50001220703,96780.39991455078,0.000118662118822499
2021-07-16 09:30:00-04:00,101140.50001220703,96780.39991455078,0.0
2021-07-17 09:30:00-04:00,101140.50001220703,96780.39991455078,0.0
2021-07-19 09:30:00-04:00,101037.1998413086,96780.39991455078,-0.0010213531758886951
2021-07-20 09:30:00-04:00,101103.79987792969,96780.39991455078,0.0006591635231945059
2021-07-21 09:30:00-04:00,101127.79981689453,96780.39991455078,0.00023737919834676546
2021-07-22 09:30:00-04:00,101155.5998046875,96780.39991455078,0.0002748995611820959
2021-07-23 09:30:00-04:00,101155.5998046875,96780.39991455078,0.0
2021-07-24 09:30:00-04:00,101155.5998046875,96780.39991455078,0.0
2021-07-26 09:30:00-04:00,101179.49995117188,96780.39991455078,0.00023627111628532482
2021-07-27 09:30:00-04:00,101177.1998413086,96780.39991455078,-2.273296334132091e-05
2021-07-28 09:30:00-04:00,101178.59998779297,96780.39991455078,1.3838557368472948e-05
2021-07-29 09:30:00-04:00,101159.49995117188,96780.39991455078,-0.00018877545867801437
2021-07-30 09:30:00-04:00,101159.49995117188,96780.39991455078,0.0
2021-07-31 09:30:00-04:00,101159.49995117188,96780.39991455078,0.0
2021-08-02 09:30:00-04:00,101164.79993896485,96780.39991455078,5.239238821386216e-05
2021-08-03 09:30:00-04:00,101178.19990234375,96780.39991455078,0.0001324567773275387
2021-08-04 09:30:00-04:00,101182.59992675782,96780.39991455078,4.34878700976693e-05
2021-08-05 09:30:00-04:00,101201.39997558594,96780.39991455078,0.00018580318001060192
2021-08-06 09:30:00-04:00,101201.39997558594,96780.39991455078,0.0
2021-08-07 09:30:00-04:00,101201.39997558594,96780.39991455078,0.0
2021-08-09 09:30:00-04:00,101206.49976806641,96780.39991455078,5.0392509211238945e-05
2021-08-10 09:30:00-04:00,101218.59998779297,96780.39991455078,0.00011955970964594442
2021-08-11 09:30:00-04:00,101216.59986572266,96780.39991455078,-1.9760420224668174e-05
2021-08-12 09:30:00-04:00,101236.29987792969,96780.39991455078,0.0001946322266621614
2021-08-13 09:30:00-04:00,101236.29987792969,96780.39991455078,0.0
2021-08-14 09:30:00-04:00,101236.29987792969,96780.39991455078,0.0
2021-08-16 09:30:00-04:00,101222.79981689453,96780.39991455078,-0.00013335197998576298
2021-08-17 09:30:00-04:00,101209.99982910157,96780.39991455078,-0.0001264536034976116
2021-08-18 09:30:00-04:00,101143.0998046875,96780.39991455078,-0.0006610021196228333
2021-08-19 09:30:00-04:00,101182.70002441407,96780.39991455078,0.0003915266568161879
2021-08-20 09:30:00-04:00,101182.70002441407,96780.39991455078,0.0
2021-08-21 09:30:00-04:00,101182.70002441407,96780.39991455078,0.0
2021-08-23 09:30:00-04:00,101260.09992675782,96780.39991455078,0.0007649519366954571
2021-08-24 09:30:00-04:00,101262.10004882813,96780.39991455078,1.9752321711807852e-05
2021-08-25 09:30:00-04:00,101266.49976806641,96780.39991455078,4.3448824744496406e-05
2021-08-26 09:30:00-04:00,101251.59986572266,96780.39991455078,-0.00014713555201251172
2021-08-27 09:30:00-04:00,101251.59986572266,96780.39991455078,0.0
2021-08-28 09:30:00-04:00,101251.59986572266,96780.39991455078,0.0
2021-08-30 09:30:00-04:00,101301.69996337891,96780.39991455078,0.0004948079607896005
2021-08-31 09:30:00-04:00,101305.99989013672,96780.39991455078,4.2446738399926076e-05
2021-09-01 09:30:00-04:00,101313.59998779297,96780.39991455078,7.502119977575994e-05
2021-09-02 09:30:00-04:00,101300.20002441407,96780.39991455078,-0.0001322622370591997
2021-09-03 09:30:00-04:00,101300.20002441407,96780.39991455078,0.0
2021-09-04 09:30:00-04:00,101300.20002441407,96780.39991455078,0.0
2021-09-07 09:30:00-04:00,101289.30006103516,96780.39991455078,-0.00010760061062342618
2021-09-08 09:30:00-04:00,101287.4000366211,96780.39991455078,-1.8758392178797045e-05
2021-09-09 09:30:00-04:00,101290.8,96780.39991455078,3.356748596239356e-05
2021-09-10 09:30:00-04:00,101290.8,96780.39991455078,0.0
2021-09-11 09:30:00-04:00,101290.8,96780.39991455078,0.0
2021-09-13 09:30:00-04:00,101261.59986572266,96780.39991455078,-0.0002882802216720437
2021-09-14 09:30:00-04:00,101226.59986572266,96780.39991455078,-0.0003456394136218677
2021-09-15 09:30:00-04:00,101253.59998779297,96780.39991455078,0.0002667295168081729
2021-09-16 09:30:00-04:00,101229.60004882813,96780.39991455078,-0.00023702800658675915
2021-09-17 09:30:00-04:00,101229.60004882813,96780.39991455078,0.0
2021-09-18 09:30:00-04:00,101229.60004882813,96780.39991455078,0.0
2021-09-20 09:30:00-04:00,101145.69990234375,96780.39991455078,-0.000828810411617753
2021-09-21 09:30:00-04:00,101140.89979248047,96780.39991455078,-4.745737948241846e-05
2021-09-22 09:30:00-04:00,101178.89997558594,96780.39991455078,0.0003757152960219834
2021-09-23 09:30:00-04:00,101194.79993896485,96780.39991455078,0.0001571470275198994
2021-09-24 09:30:00-04:00,101194.79993896485,96780.39991455078,0.0
2021-09-25 09:30:00-04:00,101194.79993896485,96780.39991455078,0.0
2021-09-27 09:30:00-04:00,101177.29993896485,96780.39991455078,-0.00017293378721594532
2021-09-28 09:30:00-04:00,101132.29993896485,96780.39991455078,-0.0004447637960999229
2021-09-29 09:30:00-04:00,101140.5998046875,96780.39991455078,8.206938562316246e-05
2021-09-30 09:30:00-04:00,101090.20002441407,96780.39991455078,-0.0004983140338377101
2021-10-01 09:30:00-04:00,101090.20002441407,96780.39991455078,0.0
2021-10-02 09:30:00-04:00,101090.20002441407,96780.39991455078,0.0
2021-10-04 09:30:00-04:00,101082.79981689453,96780.39991455078,-7.320400511368064e-05
2021-10-05 09:30:00-04:00,101073.0998046875,96780.39991455078,-9.59610559323476e-05
2021-10-06 09:30:00-04:00,101164.30006103516,96780.39991455078,0.0009023197717681342
2021-10-07 09:30:00-04:00,101175.20002441407,96780.39991455078,0.00010774515686184927
2021-10-08 09:30:00-04:00,101175.20002441407,96780.39991455078,0.0
2021-10-09 09:30:00-04:00,101175.20002441407,96780.39991455078,0.0
2021-10-11 09:30:00-04:00,101137.10004882813,96780.39991455078,-0.00037657425512127585
2021-10-12 09:30:00-04:00,101127.49982910157,96780.39991455078,-9.49228297224547e-05
2021-10-13 09:30:00-04:00,101171.19978027344,96780.39991455078,0.00043212727740460366
2021-10-14 09:30:00-04:00,101227.89991455078,96780.39991455078,0.0005604375000047845
2021-10-15 09:30:00-04:00,101227.89991455078,96780.39991455078,0.0
2021-10-16 09:30:00-04:00,101227.89991455078,96780.39991455078,0.0
2021-10-18 09:30:00-04:00,101269.60004882813,96780.39991455078,0.00041194309387582173
2021-10-19 09:30:00-04:00,101291.69996337891,96780.39991455078,0.00021822851616004613
2021-10-20 09:30:00-04:00,101298.0998046875,96780.39991455078,6.318228750146204e-05
2021-10-21 09:30:00-04:00,101311.69996337891,96780.39991455078,0.00013425877403050457
2021-10-22 09:30:00-04:00,101311.69996337891,96780.39991455078,0.0
2021-10-23 09:30:00-04:00,101311.69996337891,96780.39991455078,0.0
2021-10-25 09:30:00-04:00,101352.4000366211,96780.39991455078,0.0004017312241024751
2021-10-26 09:30:00-04:00,101344.9000366211,96780.39991455078,-7.399923432782618e-05
2021-10-27 09:30:00-04:00,101334.99982910157,96780.39991455078,-9.768826567446709e-05
2021-10-28 09:30:00-04:00,101339.09986572266,96780.39991455078,4.046022231229962e-05
2021-10-29 09:30:00-04:00,101339.09986572266,96780.39991455078,0.0
2021-10-30 09:30:00-04:00,101339.09986572266,96780.39991455078,0.0
2021-11-01 09:30:00-04:00,101382.59992675782,96780.39991455078,0.000429252490823373
2021-11-02 09:30:00-04:00,101393.39979248047,96780.39991455078,0.00010652583116299574
2021-11-03 09:30:00-04:00,101433.99976806641,96780.39991455078,0.00040042030022702235
2021-11-04 09:30:00-04:00,101473.19990234375,96780.39991455078,0.0003864595142355487
2021-11-05 09:30:00-04:00,101473.19990234375,96780.39991455078,0.0
2021-11-06 09:30:00-04:00,101473.19990234375,96780.39991455078,0.0
2021-11-08 09:30:00-05:00,101477.4000366211,96780.39991455078,4.1391562317860675e-05
2021-11-09 09:30:00-05:00,101473.59998779297,96780.39991455078,-3.744724270382527e-05
2021-11-10 09:30:00-05:00,101436.19978027344,96780.39991455078,-0.00036857081570018657
2021-11-11 09:30:00-05:00,101432.49982910157,96780.39991455078,-3.647564853459517e-05
2021-11-12 09:30:00-05:00,101431.59986572266,96780.39991455078,-8.872534744019944e-06
2021-11-13 09:30:00-05:00,101431.59986572266,96780.39991455078,0.0
2021-11-15 09:30:00-05:00,101466.80006103516,96780.39991455078,0.00034703381746026274
2021-11-16 09:30:00-05:00,101451.89985351563,96780.39991455078,-0.00014684810707121798
2021-11-17 09:30:00-05:00,101470.39991455078,96780.39991455078,0.00018235302701929967
2021-11-18 09:30:00-05:00,101472.79981689453,96780.39991455078,2.365125539838253e-05
2021-11-19 09:30:00-05:00,101476.49976806641,96780.39991455078,3.646249220046194e-05
2021-11-20 09:30:00-05:00,101476.49976806641,96780.39991455078,0.0
2021-11-22 09:30:00-05:00,101489.30006103516,96780.39991455078,0.00012614046599956907
2021-11-23 09:30:00-05:00,101452.59992675782,96780.39991455078,-0.0003616157984661639
2021-11-24 09:30:00-05:00,101440.99989013672,96780.39991455078,-0.00011433947113692611
2021-11-25 09:30:00-05:00,101440.99989013672,96780.39991455078,0.0
2021-11-26 09:30:00-05:00,101403.79987792969,96780.39991455078,-0.00036671574853675004
2021-11-27 09:30:00-05:00,101403.79987792969,96780.39991455078,0.0
2021-11-29 09:30:00-05:00,101421.09998779297,96780.39991455078,0.00017060612998820446
2021-11-30 09:30:00-05:00,101400.39991455078,96780.39991455078,-0.00020410026360073719
2021-12-01 09:30:00-05:00,101396.80006103516,96780.39991455078,-3.55013739458121e-05
2021-12-02 09:30:00-05:00,101287.70002441407,96780.39991455078,-0.0010759711998349353
2021-12-03 09:30:00-05:00,101372.10004882813,96780.39991455078,0.0008332702232720646
2021-12-04 09:30:00-05:00,101372.10004882813,96780.39991455078,0.0
2021-12-06 09:30:00-05:00,101341.69996337891,96780.39991455078,-0.00029988611693532174
2021-12-07 09:30:00-05:00,101424.49995117188,96780.39991455078,0.0008170376836276194
2021-12-08 09:30:00-05:00,101467.4000366211,96780.39991455078,0.0004229755677362945
2021-12-09 09:30:00-05:00,101461.89985351563,96780.39991455078,-5.420640622977313e-05
2021-12-10 09:30:00-05:00,101472.70002441407,96780.39991455078,0.00010644558118899639
2021-12-11 09:30:00-05:00,101472.70002441407,96780.39991455078,0.0
2021-12-13 09:30:00-05:00,101482.29993896485,96780.39991455078,9.46058846218456e-05
2021-12-14 09:30:00-05:00,101411.29987792969,96780.39991455078,-0.0006996299953574425
2021-12-15 09:30:00-05:00,101414.60004882813,96780.39991455078,3.254243760220099e-05
2021-12-16 09:30:00-05:00,101506.09998779297,96780.39991455078,0.000902236353747865
2021-12-17 09:30:00-05:00,101395.89979248047,96780.39991455078,-0.0010856509640874146
2021-12-18 09:30:00-05:00,101395.89979248047,96780.39991455078,0.0
2021-12-20 09:30:00-05:00,101341.53002441407,96796.72991455079,-0.0005362126888530661
2021-12-21 09:30:00-05:00,101382.82976806641,96796.72991455079,0.0004075302952539772
2021-12-22 09:30:00-05:00,101424.63,96796.72991455079,0.00041230089976007633
2021-12-23 09:30:00-05:00,101484.22991455079,96796.72991455079,0.0005876276260587954
2021-12-24 09:30:00-05:00,101484.22991455079,96796.72991455079,0.0
2021-12-27 09:30:00-05:00,101517.32989013672,96796.72991455079,0.00032615880924358187
2021-12-28 09:30:00-05:00,101573.92992675782,96796.72991455079,0.0005575406354989543
2021-12-29 09:30:00-05:00,101566.53002441407,96796.72991455079,-7.285237805687572e-05
2021-12-30 09:30:00-05:00,101576.0298413086,96796.72991455079,9.353294724401273e-05
2021-12-31 09:30:00-05:00,101553.13006103516,96796.72991455079,-0.00022544472656804704
2022-01-01 09:30:00-05:00,101553.13006103516,96796.72991455079,0.0
2022-01-03 09:30:00-05:00,101559.72979248047,96796.72991455079,6.498796680465269e-05
2022-01-04 09:30:00-05:00,101588.92992675782,96796.72991455079,0.00028751685670114213
2022-01-05 09:30:00-05:00,101568.32995117188,96796.72991455079,-0.00020277775935617637
2022-01-06 09:30:00-05:00,101475.63006103516,96796.72991455079,-0.0009126849893198452
2022-01-07 09:30:00-05:00,101476.2300366211,96796.72991455079,5.9125090978717765e-06
2022-01-08 09:30:00-05:00,101476.2300366211,96796.72991455079,0.0
2022-01-10 09:30:00-05:00,101423.7300366211,96796.72991455079,-0.0005173625388039671
2022-01-11 09:30:00-05:00,101449.03002441407,96796.72991455079,0.00024944840604690377
2022-01-12 09:30:00-05:00,101512.62987792969,96796.72991455079,0.0006269143578832015
2022-01-13 09:30:00-05:00,101518.62993896485,96796.72991455079,5.910654706098306e-05
2022-01-14 09:30:00-05:00,101408.62993896485,96796.72991455079,-0.0010835449618078474
2022-01-15 09:30:00-05:00,101408.62993896485,96796.72991455079,0.0
2022-01-18 09:30:00-05:00,101394.12981689454,96796.72991455079,-0.00014298706213700108
2022-01-19 09:30:00-05:00,101378.02996337891,96796.72991455079,-0.0001587848679671655
2022-01-20 09:30:00-05:00,101334.22991455079,96796.72991455079,-0.00043204675454777686
2022-01-21 09:30:00-05:00,101252.32989013672,96796.72991455079,-0.0008082167741653157
2022-01-22 09:30:00-05:00,101252.32989013672,96796.72991455079,0.0
2022-01-24 09:30:00-05:00,101117.02990234375,96796.72991455079,-0.0013362654265810514
2022-01-25 09:30:00-05:00,101127.32989013672,96796.72991455079,0.00010186204839013335
2022-01-26 09:30:00-05:00,101203.92992675782,96796.72991455079,0.0007574612788088242
2022-01-27 09:30:00-05:00,101179.33001220704,96796.72991455079,-0.00024307272028456506
2022-01-28 09:30:00-05:00,101123.5298413086,96796.72991455079,-0.0005514977307292668
2022-01-29 09:30:00-05:00,101123.5298413086,96796.72991455079,0.0
2022-01-31 09:30:00-05:00,101209.12981689454,96796.72991455079,0.0008464891971262656
2022-02-01 09:30:00-05:00,101303.5298413086,96796.72991455079,0.0009327224192605676
2022-02-02 09:30:00-05:00,101351.72991455079,96796.72991455079,0.00047579855625645706
2022-02-03 09:30:00-05:00,101306.2300366211,96796.72991455079,-0.0004489304520806092
2022-02-04 09:30:00-05:00,101260.22997558594,96796.72991455079,-0.00045406941921066757
2022-02-05 09:30:00-05:00,101260.22997558594,96796.72991455079,0.0
2022-02-07 09:30:00-05:00,101291.83001220704,96796.72991455079,0.00031206759681179363
2022-02-08 09:30:00-05:00,101264.03002441407,96796.72991455079,-0.000274454393701995
2022-02-09 09:30:00-05:00,101348.92992675782,96796.72991455079,0.0008384013782907207
2022-02-10 09:30:00-05:00,101310.12987792969,96796.72991455079,-0.00038283629492852356
2022-02-11 09:30:00-05:00,101290.82995117188,96796.72991455079,-0.00019050342528503794
2022-02-12 09:30:00-05:00,101290.82995117188,96796.72991455079,0.0
2022-02-14 09:30:00-05:00,101195.93004882813,96796.72991455079,-0.0009369051708777443
2022-02-15 09:30:00-05:00,101234.03002441407,96796.72991455079,0.0003764971137432127
2022-02-16 09:30:00-05:00,101236.0298413086,96796.72991455079,1.975439379475752e-05
2022-02-17 09:30:00-05:00,101228.92992675782,96796.72991455079,-7.013228948138384e-05
2022-02-18 09:30:00-05:00,101170.02978027344,96796.72991455079,-0.0005818509247009773
2022-02-19 09:30:00-05:00,101170.02978027344,96796.72991455079,0.0
2022-02-22 09:30:00-05:00,101115.63006103516,96796.72991455079,-0.0005377058735321905
2022-02-23 09:30:00-05:00,101123.32995117188,96796.72991455079,7.614935625754882e-05
2022-02-24 09:30:00-05:00,100906.9298046875,96796.72991455079,-0.0021399626237472713
2022-02-25 09:30:00-05:00,101092.82976806641,96796.72991455079,0.0018422913444966493
2022-02-26 09:30:00-05:00,101092.82976806641,96796.72991455079,0.0
2022-02-28 09:30:00-05:00,101117.02990234375,96796.72991455079,0.00023938526929034865
2022-03-01 09:30:00-05:00,101147.13,96796.72991455079,0.00029767584832463
2022-03-02 09:30:00-05:00,101120.42986572266,96796.72991455079,-0.00026397322669802215
2022-03-03 09:30:00-05:00,101201.42992675782,96796.72991455079,0.000801025679407319
2022-03-04 09:30:00-05:00,101114.22991455079,96796.72991455079,-0.0008616480248365699
2022-03-05 09:30:00-05:00,101114.22991455079,96796.72991455079,0.0
2022-03-07 09:30:00-05:00,101112.22979248047,96796.72991455079,-1.9780816923664624e-05
2022-03-08 09:30:00-05:00,100992.92986572266,96796.72991455079,-0.0011798763315047367
2022-03-09 09:30:00-05:00,101048.13006103516,96796.72991455079,0.0005465748482185173
2022-03-10 09:30:00-05:00,101021.9298046875,96796.72991455079,-0.0002592849202833758
2022-03-11 09:30:00-05:00,101077.92986572266,96796.72991455079,0.0005543356887303119
2022-03-12 09:30:00-05:00,101077.92986572266,96796.72991455079,0.0
2022-03-14 09:30:00-04:00,100994.4298046875,96796.72991455079,-0.0008260958761826531
2022-03-15 09:30:00-04:00,101095.63006103516,96796.72991455079,0.001002037998960592
2022-03-16 09:30:00-04:00,101132.62987792969,96796.72991455079,0.00036598829120704224
2022-03-17 09:30:00-04:00,101176.72991455079,96796.72991455079,0.0004360614044578437
2022-03-18 09:30:00-04:00,101176.72991455079,96796.72991455079,0.0
2022-03-19 09:30:00-04:00,101176.72991455079,96796.72991455079,0.0
2022-03-21 09:30:00-04:00,101255.32976806641,96796.72991455079,0.0007768570261363905
2022-03-22 09:30:00-04:00,101265.82995117188,96796.72991455079,0.00010370005341475697
2022-03-23 09:30:00-04:00,101256.12993896485,96796.72991455079,-9.578761376571876e-05
2022-03-24 09:30:00-04:00,101308.32995117188,96796.72991455079,0.0005155244649237556
2022-03-25 09:30:00-04:00,101308.32995117188,96796.72991455079,0.0
2022-03-26 09:30:00-04:00,101308.32995117188,96796.72991455079,0.0
2022-03-28 09:30:00-04:00,101396.9298046875,96796.72991455079,0.0008745564511658532
2022-03-29 09:30:00-04:00,101400.12987792969,96796.72991455079,3.1559863285401946e-05
2022-03-30 09:30:00-04:00,101375.63006103516,96796.72991455079,-0.0002416152417558104
2022-03-31 09:30:00-04:00,101329.82989013672,96796.72991455079,-0.00045178679403390376
2022-04-01 09:30:00-04:00,101329.82989013672,96796.72991455079,0.0
2022-04-02 09:30:00-04:00,101329.82989013672,96796.72991455079,0.0
2022-04-04 09:30:00-04:00,101348.92992675782,96796.72991455079,0.00018849372037643697
2022-04-05 09:30:00-04:00,101265.63006103516,96796.72991455079,-0.0008219116450746133
2022-04-06 09:30:00-04:00,101252.62987792969,96796.72991455079,-0.00012837705248691655
2022-04-07 09:30:00-04:00,101276.42992675782,96796.72991455079,0.000235056105276632
2022-04-08 09:30:00-04:00,101276.42992675782,96796.72991455079,0.0
2022-04-09 09:30:00-04:00,101276.42992675782,96796.72991455079,0.0
2022-04-11 09:30:00-04:00,101227.52978027344,96796.72991455079,-0.0004828383713736395
2022-04-12 09:30:00-04:00,101177.02990234375,96796.72991455079,-0.0004988749408318949
2022-04-13 09:30:00-04:00,101232.22979248047,96796.72991455079,0.0005455772934825909
2022-04-14 09:30:00-04:00,101232.22979248047,96796.72991455079,0.0
2022-04-15 09:30:00-04:00,101232.22979248047,96796.72991455079,0.0
2022-04-18 09:30:00-04:00,101175.32976806641,96796.72991455079,-0.0005620741984119215
2022-04-19 09:30:00-04:00,101265.93004882813,96796.72991455079,0.0008954779882548447
2022-04-20 09:30:00-04:00,101282.13,96796.72991455079,0.00015997434837222713
2022-04-21 09:30:00-04:00,101165.82995117188,96796.72991455079,-0.0011482780706539852
2022-04-22 09:30:00-04:00,101165.82995117188,96796.72991455079,0.0
2022-04-23 09:30:00-04:00,101165.82995117188,96796.72991455079,0.0
2022-04-25 09:30:00-04:00,101055.02978027344,96796.72991455079,-0.0010952331528532033
2022-04-26 09:30:00-04:00,100969.12981689454,96796.72991455079,-0.00085003154781782
2022-04-27 09:30:00-04:00,101019.63,96796.72991455079,0.0005001546828922177
2022-04-28 09:30:00-04:00,101032.62987792969,96796.72991455079,0.0001286866515912699
2022-04-29 09:30:00-04:00,101032.62987792969,96796.72991455079,0.0
2022-04-30 09:30:00-04:00,101032.62987792969,96796.72991455079,0.0
2022-05-02 09:30:00-04:00,100946.83001220704,96796.72991455079,-0.0008492292621335995
2022-05-03 09:30:00-04:00,100967.52978027344,96796.72991455079,0.00020505614751753498
2022-05-04 09:30:00-04:00,101042.22979248047,96796.72991455079,0.0007398419310602478
2022-05-05 09:30:00-04:00,100907.72997558594,96796.72991455079,-0.0013311247898107892
2022-05-06 09:30:00-04:00,100907.72997558594,96796.72991455079,0.0
2022-05-07 09:30:00-04:00,100907.72997558594,96796.72991455079,0.0
2022-05-09 09:30:00-04:00,100841.62981689454,96796.72991455079,-0.0006550554522175567
2022-05-10 09:30:00-04:00,100777.42998779297,96796.72991455079,-0.0006366401377896347
2022-05-11 09:30:00-04:00,100690.42986572266,96796.72991455079,-0.0008632897473258572
2022-05-12 09:30:00-04:00,100763.82982910157,96796.72991455079,0.0007289666304612918
2022-05-13 09:30:00-04:00,100763.82982910157,96796.72991455079,0.0
2022-05-14 09:30:00-04:00,100763.82982910157,96796.72991455079,0.0
2022-05-16 09:30:00-04:00,100862.02990234375,96796.72991455079,0.0009745567770571562
2022-05-17 09:30:00-04:00,100831.72991455079,96796.72991455079,-0.00030041025173010993
2022-05-18 09:30:00-04:00,100682.92986572266,96796.72991455079,-0.0014757264301051842
2022-05-19 09:30:00-04:00,100729.22991455079,96796.72991455079,0.0004598599672245296
2022-05-20 09:30:00-04:00,100729.22991455079,96796.72991455079,0.0
2022-05-21 09:30:00-04:00,100729.22991455079,96796.72991455079,0.0
2022-05-23 09:30:00-04:00,100722.32989013672,96796.72991455079,-6.850071642472422e-05
2022-05-24 09:30:00-04:00,100719.82989013672,96796.72991455079,-2.4820712574147308e-05
2022-05-25 09:30:00-04:00,100783.43004882813,96796.72991455079,0.0006314561766116444
2022-05-26 09:30:00-04:00,100875.82995117188,96796.72991455079,0.0009168164082029584
2022-05-27 09:30:00-04:00,100875.82995117188,96796.72991455079,0.0
2022-05-28 09:30:00-04:00,100875.82995117188,96796.72991455079,0.0
2022-05-31 09:30:00-04:00,100948.43004882813,96796.72991455079,0.0007196976489947104
2022-06-01 09:30:00-04:00,100890.93004882813,96796.72991455079,-0.0005695977636520633
2022-06-02 09:30:00-04:00,100920.72985351563,96796.72991455079,0.0002953665376370651
2022-06-03 09:30:00-04:00,100920.72985351563,96796.72991455079,0.0
2022-06-04 09:30:00-04:00,100920.72985351563,96796.72991455079,0.0
2022-06-06 09:30:00-04:00,100877.72997558594,96796.72991455079,-0.00042607577246123185
2022-06-07 09:30:00-04:00,100936.0298413086,96796.72991455079,0.0005779260272487097
2022-06-08 09:30:00-04:00,100890.12987792969,96796.72991455079,-0.0004547431026470372
2022-06-09 09:30:00-04:00,100745.52996337891,96796.72991455079,-0.0014332414352695722
2022-06-10 09:30:00-04:00,100745.52996337891,96796.72991455079,0.0
2022-06-11 09:30:00-04:00,100745.52996337891,96796.72991455079,0.0
2022-06-13 09:30:00-04:00,100565.22997558594,96796.72991455079,-0.0017896574454321357
2022-06-14 09:30:00-04:00,100570.32976806641,96796.72991455079,5.0711289395932724e-05
2022-06-15 09:30:00-04:00,100501.83001220704,96796.72991455079,-0.0006811129685797557
2022-06-16 09:30:00-04:00,100451.83001220704,96796.72991455079,-0.0004975033787337768
2022-06-17 09:30:00-04:00,100451.83001220704,96796.72991455079,0.0
2022-06-18 09:30:00-04:00,100451.83001220704,96796.72991455079,0.0
2022-06-21 09:30:00-04:00,100502.92986572266,96796.72991455079,0.0005087000755428228
2022-06-22 09:30:00-04:00,100563.13006103516,96796.72991455079,0.0005989894562570264
2022-06-23 09:30:00-04:00,100610.72985351563,96796.72991455079,0.00047333244750413783
2022-06-24 09:30:00-04:00,100610.72985351563,96796.72991455079,0.0
2022-06-25 09:30:00-04:00,100610.72985351563,96796.72991455079,0.0
2022-06-27 09:30:00-04:00,100699.03002441407,96796.72991455079,0.0008776416891815852
2022-06-28 09:30:00-04:00,100609.03002441407,96796.72991455079,-0.0008937524023635568
2022-06-29 09:30:00-04:00,100559.12981689454,96796.72991455079,-0.0004959813995565332
2022-06-30 09:30:00-04:00,100562.32989013672,96796.72991455079,3.182280164937268e-05
2022-07-01 09:30:00-04:00,100562.32989013672,96796.72991455079,0.0
2022-07-02 09:30:00-04:00,100562.32989013672,96796.72991455079,0.0
2022-07-05 09:30:00-04:00,100617.82976806641,96796.72991455079,0.0005518953070231536
2022-07-06 09:30:00-04:00,100647.92986572266,96796.72991455079,0.00029915272199398935
2022-07-07 09:30:00-04:00,100669.4298046875,96796.72991455079,0.000213615312242732
2022-07-08 09:30:00-04:00,100669.4298046875,96796.72991455079,0.0
2022-07-09 09:30:00-04:00,100669.4298046875,96796.72991455079,0.0
2022-07-11 09:30:00-04:00,100633.22985351563,96796.72991455079,-0.0003595922937291718
2022-07-12 09:30:00-04:00,100547.72997558594,96796.72991455079,-0.000849618739795388
2022-07-13 09:30:00-04:00,100532.82976806641,96796.72991455079,-0.000148190391997427
2022-07-14 09:30:00-04:00,100622.22979248047,96796.72991455079,0.0008892619915337185
2022-07-15 09:30:00-04:00,100622.22979248047,96796.72991455079,0.0
2022-07-16 09:30:00-04:00,100622.22979248047,96796.72991455079,0.0
2022-07-18 09:30:00-04:00,100657.52978027344,96796.72991455079,0.0003508169901003111
2022-07-19 09:30:00-04:00,100721.42992675782,96796.72991455079,0.0006348272863825333
2022-07-20 09:30:00-04:00,100738.32995117188,96796.72991455079,0.00016778975860809453
2022-07-21 09:30:00-04:00,100785.93004882813,96796.72991455079,0.00047251227689915076
2022-07-22 09:30:00-04:00,100785.93004882813,96796.72991455079,0.0
2022-07-23 09:30:00-04:00,100785.93004882813,96796.72991455079,0.0
2022-07-25 09:30:00-04:00,100735.12987792969,96796.72991455079,-0.0005040403047710251
2022-07-26 09:30:00-04:00,100740.32976806641,96796.72991455079,5.161943150344683e-05
2022-07-27 09:30:00-04:00,100815.63006103516,96796.72991455079,0.000747469192746486
2022-07-28 09:30:00-04:00,100872.52978027344,96796.72991455079,0.0005643938266699511
2022-07-29 09:30:00-04:00,100872.52978027344,96796.72991455079,0.0
2022-07-30 09:30:00-04:00,100872.52978027344,96796.72991455079,0.0
2022-08-01 09:30:00-04:00,100887.92986572266,96796.72991455079,0.00015266877397412948
2022-08-02 09:30:00-04:00,100899.72979248047,96796.72991455079,0.00011696073825206987
2022-08-03 09:30:00-04:00,100940.42986572266,96796.72991455079,0.0004033714790505627
2022-08-04 09:30:00-04:00,100893.32995117188,96796.72991455079,-0.0004666109963414877
2022-08-05 09:30:00-04:00,100893.32995117188,96796.72991455079,0.0
2022-08-06 09:30:00-04:00,100893.32995117188,96796.72991455079,0.0
2022-08-08 09:30:00-04:00,100918.92992675782,96796.72991455079,0.00025373308223963775
2022-08-09 09:30:00-04:00,100984.52990234375,96796.72991455079,0.0006500264681119639
2022-08-10 09:30:00-04:00,101026.62981689454,96796.72991455079,0.00041689469259797995
2022-08-11 09:30:00-04:00,101017.02990234375,96796.72991455079,-9.502360484736627e-05
2022-08-12 09:30:00-04:00,101017.02990234375,96796.72991455079,0.0
2022-08-13 09:30:00-04:00,101017.02990234375,96796.72991455079,0.0
2022-08-15 09:30:00-04:00,101074.03002441407,96796.72991455079,0.0005642625023267733
2022-08-16 09:30:00-04:00,101055.82995117188,96796.72991455079,-0.00018006676134108002
2022-08-17 09:30:00-04:00,101065.32976806641,96796.72991455079,9.400562935479861e-05
2022-08-18 09:30:00-04:00,101046.53002441407,96796.72991455079,-0.00018601575530885484
2022-08-19 09:30:00-04:00,101046.53002441407,96796.72991455079,0.0
2022-08-20 09:30:00-04:00,101046.53002441407,96796.72991455079,0.0
2022-08-22 09:30:00-04:00,100925.72985351563,96796.72991455079,-0.0011954905415282324
2022-08-23 09:30:00-04:00,100917.82976806641,96796.72991455079,-7.827622808065371e-05
2022-08-24 09:30:00-04:00,100949.12981689454,96796.72991455079,0.00031015380433818684
2022-08-25 09:30:00-04:00,100990.63006103516,96796.72991455079,0.00041110056338178325
2022-08-26 09:30:00-04:00,100990.63006103516,96796.72991455079,0.0
2022-08-27 09:30:00-04:00,100990.63006103516,96796.72991455079,0.0
2022-08-29 09:30:00-04:00,100835.22997558594,96796.72991455079,-0.001538757460521789
2022-08-30 09:30:00-04:00,100796.0298413086,96796.72991455079,-0.00038875434991159086
2022-08-31 09:30:00-04:00,100725.63006103516,96796.72991455079,-0.0006984380276114921
2022-09-01 09:30:00-04:00,100799.52990234375,96796.72991455079,0.0007336746492805357
2022-09-02 09:30:00-04:00,100799.52990234375,96796.72991455079,0.0
2022-09-03 09:30:00-04:00,100799.52990234375,96796.72991455079,0.0
2022-09-06 09:30:00-04:00,100701.0298413086,96796.72991455079,-0.0009771877024683517
2022-09-07 09:30:00-04:00,100750.63006103516,96796.72991455079,0.0004925492798308895
2022-09-08 09:30:00-04:00,100824.12981689454,96796.72991455079,0.0007295215505336294
2022-09-09 09:30:00-04:00,100824.12981689454,96796.72991455079,0.0
2022-09-10 09:30:00-04:00,100824.12981689454,96796.72991455079,0.0
2022-09-12 09:30:00-04:00,100815.02978027344,96796.72991455079,-9.025653519267873e-05
2022-09-13 09:30:00-04:00,100741.42992675782,96796.72991455079,-0.0007300484230975401
2022-09-14 09:30:00-04:00,100726.32982910157,96796.72991455079,-0.00014988964984141706
2022-09-15 09:30:00-04:00,100638.13006103516,96796.72991455079,-0.0008756376631219309
2022-09-16 09:30:00-04:00,100638.13006103516,96796.72991455079,0.0
2022-09-17 09:30:00-04:00,100638.13006103516,96796.72991455079,0.0
2022-09-19 09:30:00-04:00,100647.32989013672,96796.72991455079,9.141494477282741e-05
2022-09-20 09:30:00-04:00,100657.82976806641,96796.72991455079,0.00010432346234279244
2022-09-21 09:30:00-04:00,100562.52978027344,96796.72991455079,-0.0009467717316432589
2022-09-22 09:30:00-04:00,100502.52978027344,96796.72991455079,-0.0005966437014969239
2022-09-23 09:30:00-04:00,100502.52978027344,96796.72991455079,0.0
2022-09-24 09:30:00-04:00,100502.52978027344,96796.72991455079,0.0
2022-09-26 09:30:00-04:00,100476.9298046875,96796.72991455079,-0.00025471971344304123
2022-09-27 09:30:00-04:00,100440.52996337891,96796.72991455079,-0.0003622706364471151
2022-09-28 09:30:00-04:00,100464.82989013672,96796.72991455079,0.00024193347811563015
2022-09-29 09:30:00-04:00,100414.72979248047,96796.72991455079,-0.0004986829491577804
2022-09-30 09:30:00-04:00,100414.72979248047,96796.72991455079,0.0
2022-10-01 09:30:00-04:00,100414.72979248047,96796.72991455079,0.0
2022-10-03 09:30:00-04:00,100520.72985351563,96796.72991455079,0.001055622628813646
2022-10-04 09:30:00-04:00,100530.63006103516,96796.72991455079,9.848921246358167e-05
2022-10-05 09:30:00-04:00,100552.92986572266,96796.72991455079,0.00022182099797807275
2022-10-06 09:30:00-04:00,100486.42992675782,96796.72991455079,-0.0006613426287394031
2022-10-07 09:30:00-04:00,100486.42992675782,96796.72991455079,0.0
2022-10-08 09:30:00-04:00,100486.42992675782,96796.72991455079,0.0
2022-10-10 09:30:00-04:00,100379.12981689454,96796.72991455079,-0.0010678069659901812
2022-10-11 09:30:00-04:00,100378.43004882813,96796.72991455079,-6.971250574472343e-06
2022-10-12 09:30:00-04:00,100288.82982910157,96796.72991455079,-0.0008926242389224459
2022-10-13 09:30:00-04:00,100482.22979248047,96796.72991455079,0.001928429753427885
2022-10-14 09:30:00-04:00,100482.22979248047,96796.72991455079,0.0
2022-10-15 09:30:00-04:00,100482.22979248047,96796.72991455079,0.0
2022-10-17 09:30:00-04:00,100548.02996337891,96796.72991455079,0.0006548438568125814
2022-10-18 09:30:00-04:00,100486.62981689454,96796.72991455079,-0.0006106548930570055
2022-10-19 09:30:00-04:00,100477.02990234375,96796.72991455079,-9.553424737474003e-05
2022-10-20 09:30:00-04:00,100447.92986572266,96796.72991455079,-0.00028961879794198175
2022-10-21 09:30:00-04:00,100447.92986572266,96796.72991455079,0.0
2022-10-22 09:30:00-04:00,100447.92986572266,96796.72991455079,0.0
2022-10-24 09:30:00-04:00,100584.63,96796.72991455079,0.00136090544085965
2022-10-25 09:30:00-04:00,100612.92986572266,96796.72991455079,0.00028135377863058864
2022-10-26 09:30:00-04:00,100627.42998779297,96796.72991455079,0.00014411787917989471
2022-10-27 09:30:00-04:00,100595.42986572266,96796.72991455079,-0.00031800595597242243
2022-10-28 09:30:00-04:00,100595.42986572266,96796.72991455079,0.0
2022-10-29 09:30:00-04:00,100595.42986572266,96796.72991455079,0.0
2022-10-31 09:30:00-04:00,100698.13006103516,96796.72991455079,0.001020923072246882
2022-11-01 09:30:00-04:00,100635.72985351563,96796.72991455079,-0.0006196759312383504
2022-11-02 09:30:00-04:00,100511.42992675782,96796.72991455079,-0.0012351470689261346
2022-11-03 09:30:00-04:00,100566.72991455079,96796.72991455079,0.000550186061756941
2022-11-04 09:30:00-04:00,100566.72991455079,96796.72991455079,0.0
2022-11-05 09:30:00-04:00,100566.72991455079,96796.72991455079,0.0
2022-11-07 09:30:00-05:00,100573.82982910157,96796.72991455079,7.059903963080316e-05
2022-11-08 09:30:00-05:00,100607.82976806641,96796.72991455079,0.0003380595033779521
2022-11-09 09:30:00-05:00,100596.0298413086,96796.72991455079,-0.00011728636613095311
2022-11-10 09:30:00-05:00,100677.22979248047,96796.72991455079,0.0008071884278133545
2022-11-11 09:30:00-05:00,100752.62987792969,96796.72991455079,0.0007489288849586995
2022-11-12 09:30:00-05:00,100752.62987792969,96796.72991455079,0.0
2022-11-14 09:30:00-05:00,100763.32995117188,96796.72991455079,0.00010620142873829508
2022-11-15 09:30:00-05:00,100808.22985351563,96796.72991455079,0.0004455976431654296
2022-11-16 09:30:00-05:00,100764.52990234375,96796.72991455079,-0.0004334958686942336
2022-11-17 09:30:00-05:00,100701.32982910157,96796.72991455079,-0.0006272055583789182
2022-11-18 09:30:00-05:00,100774.12981689454,96796.72991455079,0.0007229297559081527
2022-11-19 09:30:00-05:00,100774.12981689454,96796.72991455079,0.0
2022-11-21 09:30:00-05:00,100743.13006103516,96796.72991455079,-0.00030761620979213866
2022-11-22 09:30:00-05:00,100763.02996337891,96796.72991455079,0.00019753111037634774
2022-11-23 09:30:00-05:00,100792.22979248047,96796.72991455079,0.00028978712839600185
2022-11-24 09:30:00-05:00,100792.22979248047,96796.72991455079,0.0
2022-11-25 09:30:00-05:00,100815.02978027344,96796.72991455079,0.00022620779240534183
2022-11-26 09:30:00-05:00,100815.02978027344,96796.72991455079,0.0
2022-11-28 09:30:00-05:00,100787.62987792969,96796.72991455079,-0.0002717839036844305
2022-11-29 09:30:00-05:00,100757.22979248047,96796.72991455079,-0.00030162516457665767
2022-11-30 09:30:00-05:00,100751.62981689454,96796.72991455079,-5.557889590124265e-05
2022-12-01 09:30:00-05:00,100884.4298046875,96796.72991455079,0.0013180927001807952
2022-12-02 09:30:00-05:00,100819.22991455079,96796.72991455079,-0.0006462829820512717
2022-12-03 09:30:00-05:00,100819.22991455079,96796.72991455079,0.0
2022-12-05 09:30:00-05:00,100836.2300366211,96796.72991455079,0.00016861983656024648
2022-12-06 09:30:00-05:00,100790.93004882813,96796.72991455079,-0.0004492431715913403
2022-12-07 09:30:00-05:00,100726.12993896485,96796.72991455079,-0.000642916082150391
2022-12-08 09:30:00-05:00,100748.13006103516,96796.72991455079,0.00021841524223797926
2022-12-09 09:30:00-05:00,100746.12993896485,96796.72991455079,-1.985269671112011e-05
2022-12-10 09:30:00-05:00,100746.12993896485,96796.72991455079,0.0
2022-12-12 09:30:00-05:00,100737.82976806641,96796.72991455079,-8.238699494922397e-05
2022-12-13 09:30:00-05:00,100898.92992675782,96796.72991455079,0.0015992021970525627
2022-12-14 09:30:00-05:00,100812.82976806641,96796.72991455079,-0.0008533307415045099
2022-12-15 09:30:00-05:00,100739.72979248047,96796.72991455079,-0.0007251058794214282
2022-12-16 09:30:00-05:00,100648.5298413086,96796.72991455079,-0.0009053027178029804
2022-12-17 09:30:00-05:00,100648.5298413086,96796.72991455079,0.0
2022-12-19 09:30:00-05:00,100649.23992675781,96814.53991455078,7.055100062824948e-06
2022-12-20 09:30:00-05:00,100606.84002441406,96814.53991455078,-0.0004212640092920994
2022-12-21 09:30:00-05:00,100647.03991455078,96814.53991455078,0.00039957412564550765
2022-12-22 09:30:00-05:00,100645.03979248047,96814.53991455078,-1.987263681091367e-05
2022-12-23 09:30:00-05:00,100611.03985351563,96814.53991455078,-0.0003378203141948255
2022-12-24 09:30:00-05:00,100611.03985351563,96814.53991455078,0.0
2022-12-27 09:30:00-05:00,100642.44,96814.53991455078,0.0003120944434138462
2022-12-28 09:30:00-05:00,100627.83978027344,96814.53991455078,-0.0001450702082199662
2022-12-29 09:30:00-05:00,100610.83996337891,96814.53991455078,-0.00016893751204094531
2022-12-30 09:30:00-05:00,100620.94006103516,96814.53991455078,0.00010038776795751048
2022-12-31 09:30:00-05:00,100620.94006103516,96814.53991455078,0.0
2023-01-03 09:30:00-05:00,100658.23986572266,96814.53991455078,0.0003706962453826623
2023-01-04 09:30:00-05:00,100646.3398413086,96814.53991455078,-0.0001182220594154737
2023-01-05 09:30:00-05:00,100631.73992675781,96814.53991455078,-0.00014506155488414052
2023-01-06 09:30:00-05:00,100640.63976806641,96814.53991455078,8.843970416361202e-05
2023-01-07 09:30:00-05:00,100640.63976806641,96814.53991455078,0.0
2023-01-09 09:30:00-05:00,100718.23986572266,96814.53991455078,0.0007710612515490212
2023-01-10 09:30:00-05:00,100687.03991455078,96814.53991455078,-0.0003097745871399882
2023-01-11 09:30:00-05:00,100736.84002441406,96814.53991455078,0.0004946029787502582
2023-01-12 09:30:00-05:00,100781.24004882813,96814.53991455078,0.00044075260255627136
2023-01-13 09:30:00-05:00,100750.73986572266,96814.53991455078,-0.0003026375056577324
2023-01-14 09:30:00-05:00,100750.73986572266,96814.53991455078,0.0
2023-01-17 09:30:00-05:00,100799.34002441406,96814.53991455078,0.00048238016669821526
2023-01-18 09:30:00-05:00,100804.64001220703,96814.53991455078,5.257958823623454e-05
2023-01-19 09:30:00-05:00,100708.13976806641,96814.53991455078,-0.0009572996255821087
2023-01-20 09:30:00-05:00,100715.53997558594,96814.53991455078,7.348172190035918e-05
2023-01-21 09:30:00-05:00,100715.53997558594,96814.53991455078,0.0
2023-01-23 09:30:00-05:00,100781.73992675781,96814.53991455078,0.0006572962939772609
2023-01-24 09:30:00-05:00,100803.33996337891,96814.53991455078,0.00021432490287209838
2023-01-25 09:30:00-05:00,100774.0400366211,96814.53991455078,-0.00029066424553447767
2023-01-26 09:30:00-05:00,100845.83996337891,96814.53991455078,0.0007124843534278558
2023-01-27 09:30:00-05:00,100851.13995117188,96814.53991455078,5.255534382864191e-05
2023-01-28 09:30:00-05:00,100851.13995117188,96814.53991455078,0.0
2023-01-30 09:30:00-05:00,100842.53979248047,96814.53991455078,-8.527577076045123e-05
2023-01-31 09:30:00-05:00,100825.83996337891,96814.53991455078,-0.00016560301967727398
2023-02-01 09:30:00-05:00,100866.63982910156,96814.53991455078,0.0004046568393327732
2023-02-02 09:30:00-05:00,100963.13976806641,96814.53991455078,0.0009567081755508244
2023-02-03 09:30:00-05:00,100930.43987792969,96814.53991455078,-0.0003238794892059804
2023-02-04 09:30:00-05:00,100930.43987792969,96814.53991455078,0.0
2023-02-06 09:30:00-05:00,100912.44,96814.53991455078,-0.00017833943804723695
2023-02-07 09:30:00-05:00,100903.23986572266,96814.53991455078,-9.116947600651404e-05
2023-02-08 09:30:00-05:00,100945.83996337891,96814.53991455078,0.00042218760976298064
2023-02-09 09:30:00-05:00,100958.63995117188,96814.53991455078,0.00012680054767599813
2023-02-10 09:30:00-05:00,100873.13976806641,96814.53991455078,-0.0008468832696916229
2023-02-11 09:30:00-05:00,100873.13976806641,96814.53991455078,0.0
2023-02-13 09:30:00-05:00,100901.73992675781,96814.53991455078,0.00028352600858028154
2023-02-14 09:30:00-05:00,100926.93981689453,96814.53991455078,0.00024974683444511925
2023-02-15 09:30:00-05:00,100918.03997558594,96814.53991455078,-8.818102802621297e-05
2023-02-16 09:30:00-05:00,100902.44,96814.53991455078,-0.00015458064375517555
2023-02-17 09:30:00-05:00,100875.13989013672,96814.53991455078,-0.0002705594618255258
2023-02-18 09:30:00-05:00,100875.13989013672,96814.53991455078,0.0
2023-02-21 09:30:00-05:00,100845.13989013672,96814.53991455078,-0.00029739735709588544
2023-02-22 09:30:00-05:00,100809.7398046875,96814.53991455078,-0.00035103412507320186
2023-02-23 09:30:00-05:00,100830.13989013672,96814.53991455078,0.00020236224682990134
2023-02-24 09:30:00-05:00,100768.74004882813,96814.53991455078,-0.0006089433315821235
2023-02-25 09:30:00-05:00,100768.74004882813,96814.53991455078,0.0
2023-02-27 09:30:00-05:00,100813.23986572266,96814.53991455078,0.0004416033868535063
2023-02-28 09:30:00-05:00,100786.84002441406,96814.53991455078,-0.000261868791676112
2023-03-01 09:30:00-05:00,100768.63995117188,96814.53991455078,-0.00018057985782449215
2023-03-02 09:30:00-05:00,100741.3398413086,96814.53991455078,-0.00027091870919870864
2023-03-03 09:30:00-05:00,100811.63982910156,96814.53991455078,0.0006978266112374065
2023-03-04 09:30:00-05:00,100811.63982910156,96814.53991455078,0.0
2023-03-06 09:30:00-05:00,100865.03979248047,96814.53991455078,0.0005297003745741158
2023-03-07 09:30:00-05:00,100858.74004882813,96814.53991455078,-6.245715725983203e-05
2023-03-08 09:30:00-05:00,100798.44006103516,96814.53991455078,-0.0005978657651659613
2023-03-09 09:30:00-05:00,100811.93981689453,96814.53991455078,0.00013392822201607757
2023-03-10 09:30:00-05:00,100724.43981689453,96814.53991455078,-0.0008679527460628833
2023-03-11 09:30:00-05:00,100724.43981689453,96814.53991455078,0.0
2023-03-13 09:30:00-04:00,100719.53991455078,96814.53991455078,-4.864660803927112e-05
2023-03-14 09:30:00-04:00,100673.44006103516,96814.53991455078,-0.0004577051638117169
2023-03-15 09:30:00-04:00,100682.73998779297,96814.53991455078,9.237716275678487e-05
2023-03-16 09:30:00-04:00,100746.73992675781,96814.53991455078,0.0006356594881367084
2023-03-17 09:30:00-04:00,100746.73992675781,96814.53991455078,0.0
2023-03-18 09:30:00-04:00,100746.73992675781,96814.53991455078,0.0
2023-03-20 09:30:00-04:00,100786.93981689453,96814.53991455078,0.00039901926519858577
2023-03-21 09:30:00-04:00,100801.84002441406,96814.53991455078,0.00014783867380629978
2023-03-22 09:30:00-04:00,100765.43987792969,96814.53991455078,-0.0003611059726247312
2023-03-23 09:30:00-04:00,100732.93987792969,96814.53991455078,-0.0003225312174429673
2023-03-24 09:30:00-04:00,100732.93987792969,96814.53991455078,0.0
2023-03-25 09:30:00-04:00,100732.93987792969,96814.53991455078,0.0
2023-03-27 09:30:00-04:00,100772.2398046875,96814.53991455078,0.0003901397775687432
2023-03-28 09:30:00-04:00,100813.8398413086,96814.53991455078,0.0004128124640447872
2023-03-29 09:30:00-04:00,100855.43987792969,96814.53991455078,0.0004126421202343966
2023-03-30 09:30:00-04:00,100861.13995117188,96814.53991455078,5.651726123145906e-05
2023-03-31 09:30:00-04:00,100861.13995117188,96814.53991455078,0.0
2023-04-01 09:30:00-04:00,100861.13995117188,96814.53991455078,0.0
2023-04-03 09:30:00-04:00,100930.73986572266,96814.53991455078,0.0006900567907965893
2023-04-04 09:30:00-04:00,100893.63995117188,96814.53991455078,-0.00036757795098041335
2023-04-05 09:30:00-04:00,100882.2398046875,96814.53991455078,-0.00011299172564194215
2023-04-06 09:30:00-04:00,100882.2398046875,96814.53991455078,0.0
2023-04-07 09:30:00-04:00,100882.2398046875,96814.53991455078,0.0
2023-04-10 09:30:00-04:00,100917.14001220703,96814.53991455078,0.0003459499668831967
2023-04-11 09:30:00-04:00,100933.23986572266,96814.53991455078,0.00015953537242219262
2023-04-12 09:30:00-04:00,100906.3398413086,96814.53991455078,-0.0002665130382205616
2023-04-13 09:30:00-04:00,100942.63989013672,96814.53991455078,0.00035974002114458337
2023-04-14 09:30:00-04:00,100942.63989013672,96814.53991455078,0.0
2023-04-15 09:30:00-04:00,100942.63989013672,96814.53991455078,0.0
2023-04-17 09:30:00-04:00,100970.33978027344,96814.53991455078,0.0002744121826698809
2023-04-18 09:30:00-04:00,100936.73992675781,96814.53991455078,-0.00033276953993366387
2023-04-19 09:30:00-04:00,100926.63982910156,96814.53991455078,-0.00010006364048986693
2023-04-20 09:30:00-04:00,100936.43993896485,96814.53991455078,9.710131913509557e-05
2023-04-21 09:30:00-04:00,100936.43993896485,96814.53991455078,0.0
2023-04-22 09:30:00-04:00,100936.43993896485,96814.53991455078,0.0
2023-04-24 09:30:00-04:00,100920.33978027344,96814.53991455078,-0.00015950789131402576
2023-04-25 09:30:00-04:00,100881.73992675781,96814.53991455078,-0.000382478433977429
2023-04-26 09:30:00-04:00,100884.53991455078,96814.53991455078,2.775514969322046e-05
2023-04-27 09:30:00-04:00,100929.43981689453,96814.53991455078,0.0004450622700145068
2023-04-28 09:30:00-04:00,100929.43981689453,96814.53991455078,0.0
2023-04-29 09:30:00-04:00,100929.43981689453,96814.53991455078,0.0
2023-05-01 09:30:00-04:00,100962.2398046875,96814.53991455078,0.00032497939008147014
2023-05-02 09:30:00-04:00,100928.13976806641,96814.53991455078,-0.0003377503974462126
2023-05-03 09:30:00-04:00,100883.8398413086,96814.53991455078,-0.00043892542614587526
2023-05-04 09:30:00-04:00,100903.63995117188,96814.53991455078,0.00019626641783676568
2023-05-05 09:30:00-04:00,100903.63995117188,96814.53991455078,0.0
2023-05-06 09:30:00-04:00,100903.63995117188,96814.53991455078,0.0
2023-05-08 09:30:00-04:00,100925.83996337891,96814.53991455078,0.00022001200568944057
2023-05-09 09:30:00-04:00,100953.33996337891,96814.53991455078,0.0002724772962996447
2023-05-10 09:30:00-04:00,100934.0400366211,96814.53991455078,-0.00019117670366142203
2023-05-11 09:30:00-04:00,100948.74004882813,96814.53991455078,0.0001456397881398619
2023-05-12 09:30:00-04:00,100948.74004882813,96814.53991455078,0.0
2023-05-13 09:30:00-04:00,100948.74004882813,96814.53991455078,0.0
2023-05-15 09:30:00-04:00,100933.13976806641,96814.53991455078,-0.00015453665646714132
2023-05-16 09:30:00-04:00,100938.03997558594,96814.53991455078,4.854904475171118e-05
2023-05-17 09:30:00-04:00,100963.53985351563,96814.53991455078,0.0002526290181170676
2023-05-18 09:30:00-04:00,101016.24004882813,96814.53991455078,0.0005219725396807817
2023-05-19 09:30:00-04:00,101016.24004882813,96814.53991455078,0.0
2023-05-20 09:30:00-04:00,101016.24004882813,96814.53991455078,0.0
2023-05-22 09:30:00-04:00,100985.33978027344,96814.53991455078,-0.0003058940675256805
2023-05-23 09:30:00-04:00,100938.74004882813,96814.53991455078,-0.00046145045950929386
2023-05-24 09:30:00-04:00,100961.93981689453,96814.53991455078,0.00022984007978688048
2023-05-25 09:30:00-04:00,100967.83978027344,96814.53991455078,5.843750020662064e-05
2023-05-26 09:30:00-04:00,100967.83978027344,96814.53991455078,0.0
2023-05-27 09:30:00-04:00,100967.83978027344,96814.53991455078,0.0
2023-05-30 09:30:00-04:00,100997.33990234375,96814.53991455078,0.0002921734498282369
2023-05-31 09:30:00-04:00,100995.43987792969,96814.53991455078,-1.8812618390762204e-05
2023-06-01 09:30:00-04:00,101059.53991455078,96814.53991455078,0.000634682483670268
2023-06-02 09:30:00-04:00,101059.53991455078,96814.53991455078,0.0
2023-06-03 09:30:00-04:00,101059.53991455078,96814.53991455078,0.0
2023-06-05 09:30:00-04:00,101081.24004882813,96814.53991455078,0.00021472623263174562
2023-06-06 09:30:00-04:00,101098.93993896485,96814.53991455078,0.0001751055896046516
2023-06-07 09:30:00-04:00,101080.73986572266,96814.53991455078,-0.00018002239443037915
2023-06-08 09:30:00-04:00,101114.13982910156,96814.53991455078,0.0003304285606069435
2023-06-09 09:30:00-04:00,101114.13982910156,96814.53991455078,0.0
2023-06-10 09:30:00-04:00,101114.13982910156,96814.53991455078,0.0
2023-06-12 09:30:00-04:00,101167.73998779297,96814.53991455078,0.00053009558091488
2023-06-13 09:30:00-04:00,101184.64001220703,96814.53991455078,0.0001670495398642391
2023-06-14 09:30:00-04:00,101177.83978027344,96814.53991455078,-6.720616817701419e-05
2023-06-15 09:30:00-04:00,101244.7398046875,96814.53991455078,0.0006612122235396534
2023-06-16 09:30:00-04:00,101244.7398046875,96814.53991455078,0.0
2023-06-17 09:30:00-04:00,101244.7398046875,96814.53991455078,0.0
2023-06-20 09:30:00-04:00,101176.13995117188,96814.53991455078,-0.0006775646186455431
2023-06-21 09:30:00-04:00,101154.0400366211,96814.53991455078,-0.00021843010181499256
2023-06-22 09:30:00-04:00,101143.8398413086,96814.53991455078,-0.00010083823946926973
2023-06-23 09:30:00-04:00,101143.8398413086,96814.53991455078,0.0
2023-06-24 09:30:00-04:00,101143.8398413086,96814.53991455078,0.0
2023-06-26 09:30:00-04:00,101138.03997558594,96814.53991455078,-5.7342748028488266e-05
2023-06-27 09:30:00-04:00,101165.03979248047,96814.53991455078,0.00026696005678039647
2023-06-28 09:30:00-04:00,101174.13982910156,96814.53991455078,8.995238512987669e-05
2023-06-29 09:30:00-04:00,101228.93993896485,96814.53991455078,0.0005416414703980355
2023-06-30 09:30:00-04:00,101228.93993896485,96814.53991455078,0.0
2023-07-01 09:30:00-04:00,101228.93993896485,96814.53991455078,0.0
2023-07-03 09:30:00-04:00,101243.74004882813,96814.53991455078,0.00014620433516543407
2023-07-04 09:30:00-04:00,101233.63995117188,96814.53991455078,-9.976021876889618e-05
2023-07-05 09:30:00-04:00,101208.74004882813,96814.53991455078,-0.0002459647045760516
2023-07-06 09:30:00-04:00,101200.83996337891,96814.53991455078,-7.805734411281406e-05
2023-07-07 09:30:00-04:00,101200.83996337891,96814.53991455078,0.0
2023-07-08 09:30:00-04:00,101200.83996337891,96814.53991455078,0.0
2023-07-10 09:30:00-04:00,101219.0400366211,96814.53991455078,0.00017984112828295373
2023-07-11 09:30:00-04:00,101278.44006103516,96814.53991455078,0.0005868463521543354
2023-07-12 09:30:00-04:00,101293.53985351563,96814.53991455078,0.0001490918745525871
2023-07-13 09:30:00-04:00,101319.34002441406,96814.53991455078,0.0002547069727818485
2023-07-14 09:30:00-04:00,101319.34002441406,96814.53991455078,0.0
2023-07-15 09:30:00-04:00,101319.34002441406,96814.53991455078,0.0
2023-07-17 09:30:00-04:00,101319.53991455078,96814.53991455078,1.9728724709455747e-06
2023-07-18 09:30:00-04:00,101364.64001220703,96814.53991455078,0.00044512734359325457
2023-07-19 09:30:00-04:00,101356.24004882813,96814.53991455078,-8.286877335028642e-05
2023-07-20 09:30:00-04:00,101354.13982910156,96814.53991455078,-2.0721168480064556e-05
2023-07-21 09:30:00-04:00,101354.13982910156,96814.53991455078,0.0
2023-07-22 09:30:00-04:00,101354.13982910156,96814.53991455078,0.0
2023-07-24 09:30:00-04:00,101353.74004882813,96814.53991455078,-3.9443901760360944e-06
2023-07-25 09:30:00-04:00,101359.23992675781,96814.53991455078,5.4264183315222425e-05
2023-07-26 09:30:00-04:00,101404.7398046875,96814.53991455078,0.0004488971894676119
2023-07-27 09:30:00-04:00,101373.33996337891,96814.53991455078,-0.00030964865517202345
2023-07-28 09:30:00-04:00,101373.33996337891,96814.53991455078,0.0
2023-07-29 09:30:00-04:00,101373.33996337891,96814.53991455078,0.0
2023-07-31 09:30:00-04:00,101377.2398046875,96814.53991455078,3.847008799362506e-05
2023-08-01 09:30:00-04:00,101347.03991455078,96814.53991455078,-0.0002978961569174432
2023-08-02 09:30:00-04:00,101294.94,96814.53991455078,-0.0005140743587055407
2023-08-03 09:30:00-04:00,101321.73992675781,96814.53991455078,0.00026457320333883594
2023-08-04 09:30:00-04:00,101321.73992675781,96814.53991455078,0.0
2023-08-05 09:30:00-04:00,101321.73992675781,96814.53991455078,0.0
2023-08-07 09:30:00-04:00,101295.33978027344,96814.53991455078,-0.0002605575713905406
2023-08-08 09:30:00-04:00,101304.83990234375,96814.53991455078,9.378636856260947e-05
2023-08-09 09:30:00-04:00,101296.43993896485,96814.53991455078,-8.291769067503285e-05
2023-08-10 09:30:00-04:00,101254.23992675781,96814.53991455078,-0.0004165991641212896
2023-08-11 09:30:00-04:00,101254.23992675781,96814.53991455078,0.0
2023-08-12 09:30:00-04:00,101254.23992675781,96814.53991455078,0.0
2023-08-14 09:30:00-04:00,101277.2398046875,96814.53991455078,0.0002271497761112684
2023-08-15 09:30:00-04:00,101239.13982910156,96814.53991455078,-0.0003761948455488495
2023-08-16 09:30:00-04:00,101226.13995117188,96814.53991455078,-0.0001284076292196179
2023-08-17 09:30:00-04:00,101148.23986572266,96814.53991455078,-0.0007695649116601366
2023-08-18 09:30:00-04:00,101148.23986572266,96814.53991455078,0.0
2023-08-19 09:30:00-04:00,101148.23986572266,96814.53991455078,0.0
2023-08-21 09:30:00-04:00,101226.3398413086,96814.53991455078,0.0007721338076631667
2023-08-22 09:30:00-04:00,101207.03991455078,96814.53991455078,-0.00019066111437071598
2023-08-23 09:30:00-04:00,101261.43993896485,96814.53991455078,0.0005375122566571022
2023-08-24 09:30:00-04:00,101201.3398413086,96814.53991455078,-0.000593514152005703
2023-08-25 09:30:00-04:00,101201.3398413086,96814.53991455078,0.0
2023-08-26 09:30:00-04:00,101201.3398413086,96814.53991455078,0.0
2023-08-28 09:30:00-04:00,101241.03985351563,96814.53991455078,0.0003922874170370072
2023-08-29 09:30:00-04:00,101309.64001220703,96814.53991455078,0.000677592395244675
2023-08-30 09:30:00-04:00,101331.03985351563,96814.53991455078,0.00021123203385209344
2023-08-31 09:30:00-04:00,101346.24004882813,96814.53991455078,0.0001500053225000908
2023-09-01 09:30:00-04:00,101346.24004882813,96814.53991455078,0.0
2023-09-02 09:30:00-04:00,101346.24004882813,96814.53991455078,0.0
2023-09-05 09:30:00-04:00,101298.53985351563,96814.53991455078,-0.00047066566346731786
2023-09-06 09:30:00-04:00,101245.63976806641,96814.53991455078,-0.0005222196245445732
2023-09-07 09:30:00-04:00,101263.53985351563,96814.53991455078,0.0001767985810572359
2023-09-08 09:30:00-04:00,101263.53985351563,96814.53991455078,0.0
2023-09-09 09:30:00-04:00,101263.53985351563,96814.53991455078,0.0
2023-09-11 09:30:00-04:00,101284.0400366211,96814.53991455078,0.00020244387205026193
2023-09-12 09:30:00-04:00,101276.73992675781,96814.53991455078,-7.20756188303806e-05
2023-09-13 09:30:00-04:00,101305.23998779297,96814.53991455078,0.00028140776505813925
2023-09-14 09:30:00-04:00,101285.94006103516,96814.53991455078,-0.0001905126206713792
2023-09-15 09:30:00-04:00,101285.94006103516,96814.53991455078,0.0
2023-09-16 09:30:00-04:00,101285.94006103516,96814.53991455078,0.0
2023-09-18 09:30:00-04:00,101241.3398413086,96814.53991455078,-0.0004403396927519232
2023-09-19 09:30:00-04:00,101254.64001220703,96814.53991455078,0.00013137094905379954
2023-09-20 09:30:00-04:00,101171.5400366211,96814.53991455078,-0.0008207028890322432
2023-09-21 09:30:00-04:00,101139.0400366211,96814.53991455078,-0.0003212365847968801
2023-09-22 09:30:00-04:00,101139.0400366211,96814.53991455078,0.0
2023-09-23 09:30:00-04:00,101139.0400366211,96814.53991455078,0.0
2023-09-25 09:30:00-04:00,101105.43987792969,96814.53991455078,-0.0003322174966189362
2023-09-26 09:30:00-04:00,101085.43987792969,96814.53991455078,-0.00019781329297563488
2023-09-27 09:30:00-04:00,101069.34002441406,96814.53991455078,-0.0001592697576927593
2023-09-28 09:30:00-04:00,101131.24004882813,96814.53991455078,0.0006124510598279898
2023-09-29 09:30:00-04:00,101131.24004882813,96814.53991455078,0.0
2023-09-30 09:30:00-04:00,101131.24004882813,96814.53991455078,0.0
2023-10-02 09:30:00-04:00,101065.13989013672,96814.53991455078,-0.0006536077146833685
2023-10-03 09:30:00-04:00,101035.23998779297,96814.53991455078,-0.0002958478301841039
2023-10-04 09:30:00-04:00,101058.13976806641,96814.53991455078,0.0002266514166364697
2023-10-05 09:30:00-04:00,101034.23992675781,96814.53991455078,-0.00023649595533270507
2023-10-06 09:30:00-04:00,101034.23992675781,96814.53991455078,0.0
2023-10-07 09:30:00-04:00,101034.23992675781,96814.53991455078,0.0
2023-10-09 09:30:00-04:00,101143.93993896485,96814.53991455078,0.0010857706485103424
2023-10-10 09:30:00-04:00,101170.94006103516,96814.53991455078,0.0002669475016161549
2023-10-11 09:30:00-04:00,101184.0400366211,96814.53991455078,0.00012948358073994193
2023-10-12 09:30:00-04:00,101166.63982910156,96814.53991455078,-0.00017196592973789393
2023-10-13 09:30:00-04:00,101166.63982910156,96814.53991455078,0.0
2023-10-14 09:30:00-04:00,101166.63982910156,96814.53991455078,0.0
2023-10-16 09:30:00-04:00,101142.63989013672,96814.53991455078,-0.0002372317495706877
2023-10-17 09:30:00-04:00,101156.43993896485,96814.53991455078,0.00013644145380342643
2023-10-18 09:30:00-04:00,101124.0400366211,96814.53991455078,-0.0003202950040877006
2023-10-19 09:30:00-04:00,101074.34002441406,96814.53991455078,-0.0004914757380048984
2023-10-20 09:30:00-04:00,101074.34002441406,96814.53991455078,0.0
2023-10-21 09:30:00-04:00,101074.34002441406,96814.53991455078,0.0
2023-10-23 09:30:00-04:00,101041.03985351563,96814.53991455078,-0.00032946216507967474
2023-10-24 09:30:00-04:00,101033.44006103516,96814.53991455078,-7.52149076403974e-05
2023-10-25 09:30:00-04:00,100979.0400366211,96814.53991455078,-0.000538435832544093
2023-10-26 09:30:00-04:00,100956.43993896485,96814.53991455078,-0.00022380978912117655
2023-10-27 09:30:00-04:00,100956.43993896485,96814.53991455078,0.0
2023-10-28 09:30:00-04:00,100956.43993896485,96814.53991455078,0.0
2023-10-30 09:30:00-04:00,100976.3398413086,96814.53991455078,0.00019711374881858923
2023-10-31 09:30:00-04:00,101006.5400366211,96814.53991455078,0.0002990818974024645
2023-11-01 09:30:00-04:00,101080.33978027344,96814.53991455078,0.0007306432199893909
2023-11-02 09:30:00-04:00,101145.94006103516,96814.53991455078,0.0006489914943332842
2023-11-03 09:30:00-04:00,101145.94006103516,96814.53991455078,0.0
2023-11-04 09:30:00-04:00,101145.94006103516,96814.53991455078,0.0
2023-11-06 09:30:00-05:00,101169.23992675781,96814.53991455078,0.00023035888250766412
2023-11-07 09:30:00-05:00,101171.43993896485,96814.53991455078,2.17458607836285e-05
2023-11-08 09:30:00-05:00,101190.03979248047,96814.53991455078,0.0001838449025421962
2023-11-09 09:30:00-05:00,101198.8398413086,96814.53991455078,8.696556347009832e-05
2023-11-10 09:30:00-05:00,101174.34002441406,96814.53991455078,-0.0002420958277086216
2023-11-11 09:30:00-05:00,101174.34002441406,96814.53991455078,0.0
2023-11-13 09:30:00-05:00,101206.84002441406,96814.53991455078,0.0003212276946127357
2023-11-14 09:30:00-05:00,101277.73998779297,96814.53991455078,0.0007005451742372326
2023-11-15 09:30:00-05:00,101315.63976806641,96814.53991455078,0.00037421629153655545
2023-11-16 09:30:00-05:00,101306.73992675781,96814.53991455078,-8.784271933703902e-05
2023-11-17 09:30:00-05:00,101316.93981689453,96814.53991455078,0.00010068323335743479
2023-11-18 09:30:00-05:00,101316.93981689453,96814.53991455078,0.0
2023-11-20 09:30:00-05:00,101319.83990234375,96814.53991455078,2.8623895021562262e-05
2023-11-21 09:30:00-05:00,101346.3398413086,96814.53991455078,0.00026154738292505364
2023-11-22 09:30:00-05:00,101364.34002441406,96814.53991455078,0.00017761058893350778
2023-11-23 09:30:00-05:00,101364.34002441406,96814.53991455078,0.0
2023-11-24 09:30:00-05:00,101365.23998779297,96814.53991455078,8.878500848519266e-06
2023-11-25 09:30:00-05:00,101365.23998779297,96814.53991455078,0.0
2023-11-27 09:30:00-05:00,101361.03985351563,96814.53991455078,-4.143564675473943e-05
2023-11-28 09:30:00-05:00,101355.33978027344,96814.53991455078,-5.623534693832699e-05
2023-11-29 09:30:00-05:00,101386.03985351563,96814.53991455078,0.00030289546962936065
2023-11-30 09:30:00-05:00,101369.34002441406,96814.53991455078,-0.0001647152717049183
2023-12-01 09:30:00-05:00,101372.2398046875,96814.53991455078,2.860608812027543e-05
2023-12-02 09:30:00-05:00,101372.2398046875,96814.53991455078,0.0
2023-12-04 09:30:00-05:00,101370.53997558594,96814.53991455078,-1.6768191221205875e-05
2023-12-05 09:30:00-05:00,101367.14001220703,96814.53991455078,-3.3539955293981905e-05
2023-12-06 09:30:00-05:00,101402.63989013672,96814.53991455078,0.0003502109058755032
2023-12-07 09:30:00-05:00,101383.63995117188,96814.53991455078,-0.00018737124581202913
2023-12-08 09:30:00-05:00,101389.13982910156,96814.53991455078,5.424817980825836e-05
2023-12-09 09:30:00-05:00,101389.13982910156,96814.53991455078,0.0
2023-12-11 09:30:00-05:00,101411.43993896485,96814.53991455078,0.00021994574469097472
2023-12-12 09:30:00-05:00,101430.83996337891,96814.53991455078,0.00019130015731705363
2023-12-13 09:30:00-05:00,101459.43981689453,96814.53991455078,0.00028196408041125665
2023-12-14 09:30:00-05:00,101539.53991455078,96814.53991455078,0.000789479005608662
2023-12-15 09:30:00-05:00,101509.43981689453,96814.53991455078,-0.00029643720743244284
2023-12-16 09:30:00-05:00,101509.43981689453,96814.53991455078,0.0
2023-12-18 09:30:00-05:00,101543.40002441406,96833.59991455078,0.00033455221091549525
2023-12-19 09:30:00-05:00,101558.89990234375,96833.59991455078,0.0001526428889120357
2023-12-20 09:30:00-05:00,101573.19982910156,96833.59991455078,0.00014080426995133344
2023-12-21 09:30:00-05:00,101546.89978027344,96833.59991455078,-0.0002589270483983608
2023-12-22 09:30:00-05:00,101572.1997680664,96833.59991455078,0.0002491458414557446
2023-12-23 09:30:00-05:00,101572.1997680664,96833.59991455078,0.0
2023-12-26 09:30:00-05:00,101574.29998779297,96833.59991455078,2.06771117623461e-05
2023-12-27 09:30:00-05:00,101587.99993896484,96833.59991455078,0.00013487615640483952
2023-12-28 09:30:00-05:00,101602.3999633789,96833.59991455078,0.0001417492658848385
2023-12-29 09:30:00-05:00,101598.49981689453,96833.59991455078,-3.8386361796427515e-05
2023-12-30 09:30:00-05:00,101598.49981689453,96833.59991455078,0.0
